title	link	description	gj_text
추석에 경주 여행	https://kin.naver.com/qna/detail.naver?d1id=9&dirId=90111&docId=474844021&qb=6rK97KO87Jes7ZaJ&enc=utf8	추석에 경주 여행 가는거 어떻게 생각하시나요? 서울에서 버스를 타고 갈 경우, 버스가 버스전용 차선에서 운행하나요?... 질문하신 [추석 경주여행] 관련 답변 드리도록 하겠습니다. 첨성대, 석굴암, 불국사 등 유적지는 연중무휴로... 	추석에 경주 여행추석에 경주 여행 가는거 어떻게 생각하시나요 서울에서 버스를 타고 갈 경우 버스가 버스전용 차선에서 운행하나요 질문하신 추석 경주여행 관련 답변 드리도록 하겠습니다 첨성대 석굴암 불국사 등 유적지는 연중무휴로 
1박2일 경주 여행 일정 짜주세요	https://kin.naver.com/qna/detail.naver?d1id=9&dirId=90111&docId=484345851&qb=6rK97KO87Jes7ZaJ&enc=utf8	1박2일 경주 여행 일정 짜주세요 질문자님, 경주에서의 1박 2일 여행을 계획 중이시군요! 특히 '소록스테이'에서의... 아래에 경주 여행 일정을 간략히 정리해 드릴게요. 1박 2일 경주 여행 일정 Day 1: 감성 가득한 경주 탐방 10:30... 	1박2일 경주 여행 일정 짜주세요1박2일 경주 여행 일정 짜주세요 질문자님 경주에서의 1박 2일 여행을 계획 중이시군요 특히 소록스테이에서의 아래에 경주 여행 일정을 간략히 정리해 드릴게요 1박 2일 경주 여행 일정 Day 1 감성 가득한 경주 탐방 1030 
어머니랑 1박2일 경주여행	https://kin.naver.com/qna/detail.naver?d1id=9&dirId=9011403&docId=484291784&qb=6rK97KO87Jes7ZaJ&enc=utf8	이제 5월달 어버이날을 위해 어머니랑 경주 여행을 할려고합니다 ㅎㅎ 놀러갈데는 다 정했는데 펜션을... ㅠㅠ 안녕하세요~ 어버이날을 맞아 어머니와 함께 경주 여행을 계획 중이시군요. 특별한 시간을 보내시려는 마음이 느껴져서 더욱... 	어머니랑 1박2일 경주여행이제 5월달 어버이날을 위해 어머니랑 경주 여행을 할려고합니다  놀러갈데는 다 정했는데 펜션을  안녕하세요 어버이날을 맞아 어머니와 함께 경주 여행을 계획 중이시군요 특별한 시간을 보내시려는 마음이 느껴져서 더욱 
경주 여행	https://kin.naver.com/qna/detail.naver?d1id=9&dirId=90111&docId=484892481&qb=6rK97KO87Jes7ZaJ&enc=utf8	5월6,7,8일 경주 여행을 가는데요 동궁과월지와 월정교 야경을 보고 싶은데 7일에 정상 운영 되나요? 휴무일이 따로 없어서 관람에 방해가 될정도로 날씨가 나쁜상황이 생겨서 통제를 하는 경우가 아니라면 관람이 가능하겠습니다... 	경주 여행5월678일 경주 여행을 가는데요 동궁과월지와 월정교 야경을 보고 싶은데 7일에 정상 운영 되나요 휴무일이 따로 없어서 관람에 방해가 될정도로 날씨가 나쁜상황이 생겨서 통제를 하는 경우가 아니라면 관람이 가능하겠습니다 
경주여행 30만원	https://kin.naver.com/qna/detail.naver?d1id=9&dirId=90111&docId=482950385&qb=6rK97KO87Jes7ZaJ&enc=utf8	경주 여행 2박3일 남자친구랑 가는데 숙소랑 ktx비는 다 냈고 제 개인적으로 30만원이면 부족할까요? 30만원으로 경주 여행을 계획하고 계신다면, 예산이 어떻게 집행되느냐에 따라 충분할 수도, 부족할 수도 있습니다.... 	경주여행 30만원경주 여행 2박3일 남자친구랑 가는데 숙소랑 ktx비는 다 냈고 제 개인적으로 30만원이면 부족할까요 30만원으로 경주 여행을 계획하고 계신다면 예산이 어떻게 집행되느냐에 따라 충분할 수도 부족할 수도 있습니다 
경주 여행 맛집	https://kin.naver.com/qna/detail.naver?d1id=9&dirId=90111&docId=480200932&qb=6rK97KO87Jes7ZaJ&enc=utf8	경주 여행 가고싶은데 맛집 추천 부탁드려뇨 경주 여행 가이드: 교통편, 맛집, 볼거리까지 모두 알려줄게요! 경주는 한국의 역사와 문화가 살아 숨 쉬는 도시로, 여행하기 좋은 명소가 많아요! 2025년 봄, 경주로 떠나고... 	경주 여행 맛집경주 여행 가고싶은데 맛집 추천 부탁드려뇨 경주 여행 가이드 교통편 맛집 볼거리까지 모두 알려줄게요 경주는 한국의 역사와 문화가 살아 숨 쉬는 도시로 여행하기 좋은 명소가 많아요 2025년 봄 경주로 떠나고 
경주 여행을 가는데 갈만한 곳 추천좀	https://kin.naver.com/qna/detail.naver?d1id=9&dirId=90111&docId=478956941&qb=6rK97KO87Jes7ZaJ&enc=utf8	경주 여행을 가는데 갈만한 곳 추천좀 해주세요 경주 여행 추천지 입니다 경주월드 국립 경주 박물관 황리단길 첨성대 불국사 엑스포 공원 등등 입니다	경주 여행을 가는데 갈만한 곳 추천좀경주 여행을 가는데 갈만한 곳 추천좀 해주세요 경주 여행 추천지 입니다 경주월드 국립 경주 박물관 황리단길 첨성대 불국사 엑스포 공원 등등 입니다
2월 1~2일 경주여행 날씨	https://kin.naver.com/qna/detail.naver?d1id=9&dirId=90111&docId=481101676&qb=6rK97KO87Jes7ZaJ&enc=utf8	2월 1~2일로 경주여행가는데 현재 날씨가 어떤가요 눈 쌓였나요? 시외버스타고 가는데 빙판길일까봐 불안해요 경주는 눈 그렇게 많이오지 않고 날씨도 많이 춥지는 않아요. 주말에 춥다고는 해도 그때예보를 보는게 좋겠죠	2월 12일 경주여행 날씨2월 12일로 경주여행가는데 현재 날씨가 어떤가요 눈 쌓였나요 시외버스타고 가는데 빙판길일까봐 불안해요 경주는 눈 그렇게 많이오지 않고 날씨도 많이 춥지는 않아요 주말에 춥다고는 해도 그때예보를 보는게 좋겠죠
경주 여행 중 놓치지 말아야 할 맛집과 카페 알려주세요	https://kin.naver.com/qna/detail.naver?d1id=12&dirId=121102&docId=486281338&qb=6rK97KO87Jes7ZaJ&enc=utf8	경주 여행을 계획 중이며, 맛집과 카페에서 특별한 경험을 하고 싶습니다. 예를 들어, 독특한 메뉴나 특별한 뷰를 제공하는 곳, 혹은 전통적인 분위기와 현대적인 요소가 조화를 이루는 장소에 대해 알고 싶습니다. 경주에 가면 황남빵과... 	경주 여행 중 놓치지 말아야 할 맛집과 카페 알려주세요경주 여행을 계획 중이며 맛집과 카페에서 특별한 경험을 하고 싶습니다 예를 들어 독특한 메뉴나 특별한 뷰를 제공하는 곳 혹은 전통적인 분위기와 현대적인 요소가 조화를 이루는 장소에 대해 알고 싶습니다 경주에 가면 황남빵과 
2박3일 경주여행 일정을 어떻게 짜야할지 고민입니다.	https://kin.naver.com/qna/detail.naver?d1id=8&dirId=81204&docId=474957388&qb=6rK97KO87Jes7ZaJ&enc=utf8	2박3일 경주여행(아빠,엄마,중1아들,초2딸) 1일차 ktx타고 경주역하차 11시 숙소는 황리단길 황남고택 2일차... 제가 드린 답변이 도움되셨길 바래요 - 말씀하신 질문 : 2박3일 경주여행(아빠,엄마,중1아들,초2딸) 1일차 ktx타고... 	2박3일 경주여행 일정을 어떻게 짜야할지 고민입니다2박3일 경주여행아빠엄마중1아들초2딸 1일차 ktx타고 경주역하차 11시 숙소는 황리단길 황남고택 2일차 제가 드린 답변이 도움되셨길 바래요  말씀하신 질문  2박3일 경주여행아빠엄마중1아들초2딸 1일차 ktx타고 
경주 여행	https://kin.naver.com/qna/detail.naver?d1id=9&dirId=901&docId=483364174&qb=6rK97KO87Jes7ZaJ&enc=utf8	... 경주여행은 아래를 참조하시면 더 도움 될거에요^^ https://valina8342.tistory.com/entry/%EC%B2%9C-%EB%85%84%EC%9D%98-%EC%97%AD%EC%82%AC%EC%99%80-%EA%B0%90%EC%84%B1-%EC%97%AC%ED%96%89-%EA%B2%BD%EC%A3%BC-%ED%95%84%EC%88%98-%EC%BD%94%EC%8A%A4-%EC... 	경주 여행 경주여행은 아래를 참조하시면 더 도움 될거에요 httpsvalina8342tistorycomentryECB29CEB8584EC9D98EC97ADEC82ACEC9980EAB090EC84B1EC97ACED9689EAB2BDECA3BCED9584EC8898ECBD94EC8AA4EC 
경주여행 질문	https://kin.naver.com/qna/detail.naver?d1id=12&dirId=121102&docId=477098415&qb=6rK97KO87Jes7ZaJ&enc=utf8	경주여행 코스 짜봤는데요 이렇게 가도 되나요? 그리고 2일차에 경주시내권 숙소인데 첨성대코스와 황리단길은 도보이동 가능한가요 아니면 차타고 가야하나요 1일차 - 불국사권, 숙소 1) 불국사 2) 석굴암, 바람의 언덕 3) 숙소 체크인 4)... 	경주여행 질문경주여행 코스 짜봤는데요 이렇게 가도 되나요 그리고 2일차에 경주시내권 숙소인데 첨성대코스와 황리단길은 도보이동 가능한가요 아니면 차타고 가야하나요 1일차  불국사권 숙소 1 불국사 2 석굴암 바람의 언덕 3 숙소 체크인 4 
경주 여행	https://kin.naver.com/qna/detail.naver?d1id=9&dirId=90111&docId=477081199&qb=6rK97KO87Jes7ZaJ&enc=utf8	2월에 2박3일로 경주 여행 가려고 하는데 펜션이나 호텔 예약은 몇달전부터 하는 게 좋을까요? 1달전이 제일 좋습니다만 가는 날짜들이 성수기라면 2달전에 하는게 좋겠죠.	경주 여행2월에 2박3일로 경주 여행 가려고 하는데 펜션이나 호텔 예약은 몇달전부터 하는 게 좋을까요 1달전이 제일 좋습니다만 가는 날짜들이 성수기라면 2달전에 하는게 좋겠죠
경주여행 당일치기 질문이요	https://kin.naver.com/qna/detail.naver?d1id=9&dirId=90111&docId=483638250&qb=6rK97KO87Jes7ZaJ&enc=utf8	뚜버기 인데 1박 할지 당일치기로 갔다올지 모르겠는데 우선 당일로 갈거같아요 오전 11시 쯤 경주 터미널 도착 오후9시 경주 터미널 에서 집가는버스 11시 경주 버스터미널에 도착한다고 치면 황리단길 대릉원 첨성대 월정교 동궁과월지... 	경주여행 당일치기 질문이요뚜버기 인데 1박 할지 당일치기로 갔다올지 모르겠는데 우선 당일로 갈거같아요 오전 11시 쯤 경주 터미널 도착 오후9시 경주 터미널 에서 집가는버스 11시 경주 버스터미널에 도착한다고 치면 황리단길 대릉원 첨성대 월정교 동궁과월지 
경주 여행 가볼까 하는데요?	https://kin.naver.com/qna/detail.naver?d1id=9&dirId=90111&docId=483971932&qb=6rK97KO87Jes7ZaJ&enc=utf8	... 다른곳은 특별히 안가고 경주만 보려고요 저도 경주 여행 준비하면서 진짜 헤맸는데요, 시티투어 탈까, 그냥... 블로그 한 번 보고 시작해보세요. 경주 여행, 헛걸음 없이 딱 맞게 즐기고 싶다면 여기부터 보시는 거 추천드립니다!	경주 여행 가볼까 하는데요 다른곳은 특별히 안가고 경주만 보려고요 저도 경주 여행 준비하면서 진짜 헤맸는데요 시티투어 탈까 그냥 블로그 한 번 보고 시작해보세요 경주 여행 헛걸음 없이 딱 맞게 즐기고 싶다면 여기부터 보시는 거 추천드립니다
경주여행 어때요?고등학생시절 추억 만들까해요ㅠ... 	https://kin.naver.com/qna/detail.naver?d1id=12&dirId=12091502&docId=153078029&qb=6rK97KO87Jes7ZaJ&enc=utf8	경주여행 어때요?고등학생시절 추억 만들까해요ㅠ 로또되는 꿈 꿨는데 해몽해줘요 컴퓨터 조립식은 얼마죠?... 경주 여행은 고등학생 시절의 추억을 만들기에 아주 좋은 선택입니다. 경주는 한국의 역사와 문화를 느낄 수 있는 도시로... 	경주여행 어때요고등학생시절 추억 만들까해요 경주여행 어때요고등학생시절 추억 만들까해요 로또되는 꿈 꿨는데 해몽해줘요 컴퓨터 조립식은 얼마죠 경주 여행은 고등학생 시절의 추억을 만들기에 아주 좋은 선택입니다 경주는 한국의 역사와 문화를 느낄 수 있는 도시로 
남자혼자 경주여행 4박5일 일정 및 숙소예약 문의	https://kin.naver.com/qna/detail.naver?d1id=9&dirId=90111&docId=485830206&qb=6rK97KO87Jes7ZaJ&enc=utf8	... 혼자 경주 여행 멋지게 계획 중이시네요! 4박 5일이면 여유 있게 경주를 제대로 느낄 수 있는 일정이에요 가성비 숙소: 경주역 근처 게스트하우스나 황리단길 쪽 한옥 게스트하우스가 가격도 좋고 접근성도 좋아요. 바닷가 이동... 	남자혼자 경주여행 4박5일 일정 및 숙소예약 문의 혼자 경주 여행 멋지게 계획 중이시네요 4박 5일이면 여유 있게 경주를 제대로 느낄 수 있는 일정이에요 가성비 숙소 경주역 근처 게스트하우스나 황리단길 쪽 한옥 게스트하우스가 가격도 좋고 접근성도 좋아요 바닷가 이동 
경주여행 루트 천마총 경주중앙시장	https://kin.naver.com/qna/detail.naver?d1id=9&dirId=90111&docId=473363034&qb=6rK97KO87Jes7ZaJ&enc=utf8	경주여행 일정을 천마총 갔다가&gt;&gt;&gt;&gt; 중앙시장 가려고 하는데 네이버 지도에 검색해보니까 다시 밑으로 내려갔다가 올라가라고 하네요 동선낭비 너무 심한데 지도에 나온거처럼 삥 돌아가야 하나요 ?? 중간에 나가는 문 없나요? 천마총... 	경주여행 루트 천마총 경주중앙시장경주여행 일정을 천마총 갔다가gtgtgtgt 중앙시장 가려고 하는데 네이버 지도에 검색해보니까 다시 밑으로 내려갔다가 올라가라고 하네요 동선낭비 너무 심한데 지도에 나온거처럼 삥 돌아가야 하나요  중간에 나가는 문 없나요 천마총 
20대 중반 여성 경주여행 식당 및 술집 추천해주세요	https://kin.naver.com/qna/detail.naver?d1id=12&dirId=121102&docId=471211718&qb=6rK97KO87Jes7ZaJ&enc=utf8	... 7월에 친구들이랑 경주 여행을 가는데 경주에 대해서 마땅히 잘 알지 못해서 막막하네요ㅜㅜ 20대 여자이며 술을 좋아합니다.. 황리단길이랑 보문단지 핫플 추천해 주세요! 그리고 맛있는 식당도 추천 부탁드립니다~~ 하루는 시내권... 	20대 중반 여성 경주여행 식당 및 술집 추천해주세요 7월에 친구들이랑 경주 여행을 가는데 경주에 대해서 마땅히 잘 알지 못해서 막막하네요 20대 여자이며 술을 좋아합니다 황리단길이랑 보문단지 핫플 추천해 주세요 그리고 맛있는 식당도 추천 부탁드립니다 하루는 시내권 
경주 여행 1박2일	https://kin.naver.com/qna/detail.naver?d1id=9&dirId=901&docId=477072457&qb=6rK97KO87Jes7ZaJ&enc=utf8	경주 여행 1박 2일 경비 어느정도 나올까요? 숙소랑 교통비 빼고요! 쓰기나름 이지만 식대 입장료 간식 정도이면 큰돈은 들지 않겠조 본인의 주머니 만큼 생각해서 조절하여. 쓰는게. 좋겠네요 여유가 있다면 맛있는것도 먹고해도 좋겠죠	경주 여행 1박2일경주 여행 1박 2일 경비 어느정도 나올까요 숙소랑 교통비 빼고요 쓰기나름 이지만 식대 입장료 간식 정도이면 큰돈은 들지 않겠조 본인의 주머니 만큼 생각해서 조절하여 쓰는게 좋겠네요 여유가 있다면 맛있는것도 먹고해도 좋겠죠
경주여행지 2박3일 추천	https://kin.naver.com/qna/detail.naver?d1id=9&dirId=90111&docId=480019503&qb=6rK97KO87Jes7ZaJ&enc=utf8	이번에 남자친구 전역 직전으로 경주 여행을 가기로 했는데요 둘다 황리단길 외엔 아는게 없어서요ㅠㅠ 차가 있어서... 경주여행을 계획하고 계시는군요~ 별다섯개 경주 2박3일 여행코스를 공유하니 내용 참고하시면 좋을 것같습니다.... 	경주여행지 2박3일 추천이번에 남자친구 전역 직전으로 경주 여행을 가기로 했는데요 둘다 황리단길 외엔 아는게 없어서요 차가 있어서 경주여행을 계획하고 계시는군요 별다섯개 경주 2박3일 여행코스를 공유하니 내용 참고하시면 좋을 것같습니다 
아이랑 일박이일 경주여행코스	https://kin.naver.com/qna/detail.naver?d1id=9&dirId=90111&docId=484630101&qb=6rK97KO87Jes7ZaJ&enc=utf8	다섯 살 아이와 함께 경주로 가족여행을 갑니다. 첫날 점심쯤 경주역 도착 예정이고, 숙소는 보문관광단지 근처입니다. 둘째 날은 경주월드를 다녀오고, 오후 4시쯤 경주를 떠날 계획입니다. 직접 운전할 예정인데, 코스를 어떻게 짜야... 	아이랑 일박이일 경주여행코스다섯 살 아이와 함께 경주로 가족여행을 갑니다 첫날 점심쯤 경주역 도착 예정이고 숙소는 보문관광단지 근처입니다 둘째 날은 경주월드를 다녀오고 오후 4시쯤 경주를 떠날 계획입니다 직접 운전할 예정인데 코스를 어떻게 짜야 
경주 여행 추천	https://kin.naver.com/qna/detail.naver?d1id=9&dirId=90111&docId=482537365&qb=6rK97KO87Jes7ZaJ&enc=utf8	안녕하세영 경주여행 할려고 하는 10대인데여 황리단길 근처 어둑한 분위기... 좋겟어요 경주 여행 가이드 교통편, 맛집, 볼거리까지 모두 알려줄게요!... ✨ 경주 여행 가이드: 교통편, 맛집, 볼거리까지 모두 알려줄게요!	경주 여행 추천안녕하세영 경주여행 할려고 하는 10대인데여 황리단길 근처 어둑한 분위기 좋겟어요 경주 여행 가이드 교통편 맛집 볼거리까지 모두 알려줄게요  경주 여행 가이드 교통편 맛집 볼거리까지 모두 알려줄게요
경주여행 코스(지도),숙소	https://kin.naver.com/qna/detail.naver?d1id=9&dirId=90111&docId=223857049&qb=6rK97KO87Jes7ZaJ&enc=utf8	2주후에 여자친구와 같이 경주여행을 하기로 했어요 차를 가지고 갈 예정인데요 경주여행 어떤식으로 코스를 잡고 가는것이 좋을까요? 그리고 경주여행 코스 지도를 알아보고... 외 경주여행 하면서 갈만한 곳 몇군데도 알려주세요 경주... 	경주여행 코스지도숙소2주후에 여자친구와 같이 경주여행을 하기로 했어요 차를 가지고 갈 예정인데요 경주여행 어떤식으로 코스를 잡고 가는것이 좋을까요 그리고 경주여행 코스 지도를 알아보고 외 경주여행 하면서 갈만한 곳 몇군데도 알려주세요 경주 
경주여행 동선 부탁드려요	https://kin.naver.com/qna/detail.naver?d1id=9&dirId=90111&docId=407781929&qb=6rK97KO87Jes7ZaJ&enc=utf8	1박으로 어린애들 데리고 경주여행할거에요 숙소는 보문단지이구요 우선... 정도 경주여행을 다녀온 것 같은데요. 아이랑 경주여행하면서 체험코스, 맛집... ^^ 경주여행 TIP 1. 경주 여행코스는 크게 시내권, 보문관광단지, 토함산, 남산... 	경주여행 동선 부탁드려요1박으로 어린애들 데리고 경주여행할거에요 숙소는 보문단지이구요 우선 정도 경주여행을 다녀온 것 같은데요 아이랑 경주여행하면서 체험코스 맛집  경주여행 TIP 1 경주 여행코스는 크게 시내권 보문관광단지 토함산 남산 
경주여행3박4일 갈려고하는데 24만원 괜찮을까요	https://kin.naver.com/qna/detail.naver?d1id=9&dirId=90111&docId=460586156&qb=6rK97KO87Jes7ZaJ&enc=utf8	애인이랑 3박4일 경주여행갈려고하는데 돈을 제가 다쓸려고 맘먹었는데 24만원이면 충분할까요? 경주여행3박4일 갈려고하는데 245000원 괜찮을까 애인이랑 3박4일 경주여행갈려고하는데 돈을 제가 다쓸려고 맘먹었는데 24만원이면... 	경주여행3박4일 갈려고하는데 24만원 괜찮을까요애인이랑 3박4일 경주여행갈려고하는데 돈을 제가 다쓸려고 맘먹었는데 24만원이면 충분할까요 경주여행3박4일 갈려고하는데 245000원 괜찮을까 애인이랑 3박4일 경주여행갈려고하는데 돈을 제가 다쓸려고 맘먹었는데 24만원이면 
경주여행코스좀	https://kin.naver.com/qna/detail.naver?d1id=9&dirId=90111&docId=447058006&qb=6rK97KO87Jes7ZaJ&enc=utf8	경주여행코스좀 경주 여행을 계획하고 계신다니 정말 흥미로운 여행이 될 것 같습니다! 경주는 신라의 역사와 문화, 아름다운 자연경관을 느낄 수 있는 대한민국의 대표적인 관광 도시입니다. 1박 2일 동안 방문할 수 있는 추천 여행... 	경주여행코스좀경주여행코스좀 경주 여행을 계획하고 계신다니 정말 흥미로운 여행이 될 것 같습니다 경주는 신라의 역사와 문화 아름다운 자연경관을 느낄 수 있는 대한민국의 대표적인 관광 도시입니다 1박 2일 동안 방문할 수 있는 추천 여행 
경주여행 실내관광	https://kin.naver.com/qna/detail.naver?d1id=9&dirId=90111&docId=450211953&qb=6rK97KO87Jes7ZaJ&enc=utf8	경주여행 가는데 비가 많이 오더라고요.. 실내로 가는 곳 추천 좀 해주세요!! 검색을 기반 삼아 경주에서 비가 오는... 실제 방문하시는 날씨와 여행 일정에 따라 운영시간을 확인해 보시고, 즐거운 경주 여행 되시길 바랍니다! 채택해... 	경주여행 실내관광경주여행 가는데 비가 많이 오더라고요 실내로 가는 곳 추천 좀 해주세요 검색을 기반 삼아 경주에서 비가 오는 실제 방문하시는 날씨와 여행 일정에 따라 운영시간을 확인해 보시고 즐거운 경주 여행 되시길 바랍니다 채택해 
경주여행 운전	https://kin.naver.com/qna/detail.naver?d1id=9&dirId=90111&docId=484876350&qb=6rK97KO87Jes7ZaJ&enc=utf8	평상시에는 운전을 안하고 제주 여행 갈때 몇번 해본게 다입니다 경주 케텍스 타고 가서 렌트 할거 같은데 초보 운전도 돌아다니기 어렵지 않을까요? 경주는그렇게 복잡하지는 않은곳이지만. 운전에 자신이 없다면 조심운전을 하면... 	경주여행 운전평상시에는 운전을 안하고 제주 여행 갈때 몇번 해본게 다입니다 경주 케텍스 타고 가서 렌트 할거 같은데 초보 운전도 돌아다니기 어렵지 않을까요 경주는그렇게 복잡하지는 않은곳이지만 운전에 자신이 없다면 조심운전을 하면 
경주 여행 질문이요	https://kin.naver.com/qna/detail.naver?d1id=9&dirId=90111&docId=458127300&qb=6rK97KO87Jes7ZaJ&enc=utf8	... 사시거나 경주 여행 가보신 분들의 의견 부탁드립니다. 경주 한바퀴 돌아주는 버스 타시거나 택시타세용~~ 걸어서... 경주 여행해보면 알거에요 택시잡기 힘들어요;ㅋㅋ 첨부터 택시 많은관광지에서 택시잡거나 카카오 택시... 	경주 여행 질문이요 사시거나 경주 여행 가보신 분들의 의견 부탁드립니다 경주 한바퀴 돌아주는 버스 타시거나 택시타세용 걸어서 경주 여행해보면 알거에요 택시잡기 힘들어요 첨부터 택시 많은관광지에서 택시잡거나 카카오 택시 
경주 여행 식당 추천 부탁드립니다	https://kin.naver.com/qna/detail.naver?d1id=9&dirId=90111&docId=465334623&qb=6rK97KO87Jes7ZaJ&enc=utf8	한시간 뒤면 경주 도착하는데 경주여행가서 여기는 꼭가봐야한다하는 식당이... 경주 여행에서 특별한 대접을 받을 수 있는 식당을 추천해드리겠습니다.... 위 두 식당 중 하나를 선택하시면 경주 여행에서 특별한 대접을 받을 수 있을... 	경주 여행 식당 추천 부탁드립니다한시간 뒤면 경주 도착하는데 경주여행가서 여기는 꼭가봐야한다하는 식당이 경주 여행에서 특별한 대접을 받을 수 있는 식당을 추천해드리겠습니다 위 두 식당 중 하나를 선택하시면 경주 여행에서 특별한 대접을 받을 수 있을 
3월 1일 경주 여행 코스 (당일치기)	https://kin.naver.com/qna/detail.naver?d1id=9&dirId=90111&docId=413559176&qb=6rK97KO87Jes7ZaJ&enc=utf8	학생 4명이고 3.1 경주 여행 코스 좀 알려주세요 첨성대 근처 한복나드리에서... 질문하신 [경주 여행일정] 관련 답변 드리도록 하겠습니다. 황리단길과... 맞춤형 경주 여행일정을 준비했어요. 아래 첨부된 일정을 참고해보시고, 여행에... 	3월 1일 경주 여행 코스 당일치기학생 4명이고 31 경주 여행 코스 좀 알려주세요 첨성대 근처 한복나드리에서 질문하신 경주 여행일정 관련 답변 드리도록 하겠습니다 황리단길과 맞춤형 경주 여행일정을 준비했어요 아래 첨부된 일정을 참고해보시고 여행에 
경주 여행	https://kin.naver.com/qna/detail.naver?d1id=9&dirId=90111&docId=454682775&qb=6rK97KO87Jes7ZaJ&enc=utf8	경주 여행은 역사 여행에 의미를 두고 다녀왔는데요. 생각보다는 재미가 없었어요. 너무 진지하게 공부하는 느낌으로... 질문하신 [경주 여행지] 관련 답변 드리도록 하겠습니다. 가볼만한 경주 여행지 중에서는 동궁과 월지... 	경주 여행경주 여행은 역사 여행에 의미를 두고 다녀왔는데요 생각보다는 재미가 없었어요 너무 진지하게 공부하는 느낌으로 질문하신 경주 여행지 관련 답변 드리도록 하겠습니다 가볼만한 경주 여행지 중에서는 동궁과 월지 
2박3일 경주여행코스 추천	https://kin.naver.com/qna/detail.naver?d1id=9&dirId=90111&docId=459771722&qb=6rK97KO87Jes7ZaJ&enc=utf8	... 뚜벅이 위한 경주여행 코스 추천 부탁드려요~~!! 세분이 오붓하게 경주여행 계획하고 계시는군요~ 대중교통을 이용해서 돌아볼 생각이시라면 가볍게 코스를 짜보시는것도 좋을거 같습니다. 1.... 	2박3일 경주여행코스 추천 뚜벅이 위한 경주여행 코스 추천 부탁드려요 세분이 오붓하게 경주여행 계획하고 계시는군요 대중교통을 이용해서 돌아볼 생각이시라면 가볍게 코스를 짜보시는것도 좋을거 같습니다 1 
경주 여행 코스 추천	https://kin.naver.com/qna/detail.naver?d1id=9&dirId=90111&docId=436970450&qb=6rK97KO87Jes7ZaJ&enc=utf8	경주여행 코스 추천(가족) 안녕하세요~~ 무계획, 이 루트로 실행하면 실패없는 경주여행지를 소개해드릴까 합니다 ㅎㅎ 한번 보시고 마음에 드신다면 채택 부탁드립니다 !!	경주 여행 코스 추천경주여행 코스 추천가족 안녕하세요 무계획 이 루트로 실행하면 실패없는 경주여행지를 소개해드릴까 합니다  한번 보시고 마음에 드신다면 채택 부탁드립니다 
경주 여행 질문	https://kin.naver.com/qna/detail.naver?d1id=9&dirId=90111&docId=469077239&qb=6rK97KO87Jes7ZaJ&enc=utf8	안녕하세요~ 경주여행을 가본 적이 없는데 이번에 가보려고 하거든요 1일 정도 돌아다닐 거 같은데, 버스와 렌트카... 반갑습니다.^^* 살아 있는 문화 유산의 도시 경주 여행을 1인(당일)로 준비중이시네요. 경주 방문이 처음이시라면... 	경주 여행 질문안녕하세요 경주여행을 가본 적이 없는데 이번에 가보려고 하거든요 1일 정도 돌아다닐 거 같은데 버스와 렌트카 반갑습니다 살아 있는 문화 유산의 도시 경주 여행을 1인당일로 준비중이시네요 경주 방문이 처음이시라면 
경주 여행일정 도와주세요!!	https://kin.naver.com/qna/detail.naver?d1id=9&dirId=90111&docId=407408414&qb=6rK97KO87Jes7ZaJ&enc=utf8	... 그냥 최소한의 움직임으로 이틀동안 다녀올 수 있는 경주 여행 코스좀 알려주세요. 예쁜 카페도 추천... 질문하신 [경주 여행일정] 관련 답변 드리도록 하겠습니다. 질문자님께서 원하신대로 최대한 여유로운 경주 여행 일정을 준비해... 	경주 여행일정 도와주세요 그냥 최소한의 움직임으로 이틀동안 다녀올 수 있는 경주 여행 코스좀 알려주세요 예쁜 카페도 추천 질문하신 경주 여행일정 관련 답변 드리도록 하겠습니다 질문자님께서 원하신대로 최대한 여유로운 경주 여행 일정을 준비해 
경주여행가려는데 추천좀요!!	https://kin.naver.com/qna/detail.naver?d1id=9&dirId=90111&docId=407810074&qb=6rK97KO87Jes7ZaJ&enc=utf8	엄마혼자 초4,초2 아들 둘 데리고 주중에 경주 여행... 정도 경주여행을 다녀온 것 같은데요. 구체적인 일정이 없어서 주요 경주여행 코스, 맛집, 숙소에 대한 제 경험담을 묶어서 소개할게요. ^^ 경주여행 TIP 1. 경주 여행코스는... 	경주여행가려는데 추천좀요엄마혼자 초4초2 아들 둘 데리고 주중에 경주 여행 정도 경주여행을 다녀온 것 같은데요 구체적인 일정이 없어서 주요 경주여행 코스 맛집 숙소에 대한 제 경험담을 묶어서 소개할게요  경주여행 TIP 1 경주 여행코스는 
경주여행 추천	https://kin.naver.com/qna/detail.naver?d1id=9&dirId=90111&docId=429923899&qb=6rK97KO87Jes7ZaJ&enc=utf8	경주여행지 좀 추천 해주세요 문의주신 경주 여행지 추천드릴게요 즐거운 경주 여행 되셨으면 좋겠어요 ㅎ [경북 경주 가볼만한곳] 1. 황성공원 2. 양남주상절리 3. 동궁과 월지 4. 동궁원 5. 황리단길 6. 첨성대 7.... 	경주여행 추천경주여행지 좀 추천 해주세요 문의주신 경주 여행지 추천드릴게요 즐거운 경주 여행 되셨으면 좋겠어요  경북 경주 가볼만한곳 1 황성공원 2 양남주상절리 3 동궁과 월지 4 동궁원 5 황리단길 6 첨성대 7 
경주 여행코스질문	https://kin.naver.com/qna/detail.naver?d1id=9&dirId=90111&docId=417017203&qb=6rK97KO87Jes7ZaJ&enc=utf8	경주여행을 가는데 예전에 가본적이 있어서 대충 지리적인건 아는데... 질문하신 [경주 여행 코스] 관련 답변드리겠습니다. 경주로의 1박 2일 여행을... 2일 경주 여행 일정을 준비했어요. 아래 첨부된 일정을 참고해 보시고, 즐거운... 	경주 여행코스질문경주여행을 가는데 예전에 가본적이 있어서 대충 지리적인건 아는데 질문하신 경주 여행 코스 관련 답변드리겠습니다 경주로의 1박 2일 여행을 2일 경주 여행 일정을 준비했어요 아래 첨부된 일정을 참고해 보시고 즐거운 
경주여행가는데 여행코스 추천이요	https://kin.naver.com/qna/detail.naver?d1id=9&dirId=90111&docId=423661627&qb=6rK97KO87Jes7ZaJ&enc=utf8	제가 중3인데 중3이 좋아할만한 경주여행코스 추천이요 문의주신 경주 여행코스 추천드릴게요 재밌게 놀다 오셨으면 좋겠어요 ㅎ [경북 경주 가볼만한곳] 1. 황성공원 2. 양남주상절리 3. 동궁과 월지 4. 동궁원 5.... 	경주여행가는데 여행코스 추천이요제가 중3인데 중3이 좋아할만한 경주여행코스 추천이요 문의주신 경주 여행코스 추천드릴게요 재밌게 놀다 오셨으면 좋겠어요  경북 경주 가볼만한곳 1 황성공원 2 양남주상절리 3 동궁과 월지 4 동궁원 5 
경주 여행(내공100)	https://kin.naver.com/qna/detail.naver?d1id=9&dirId=90111&docId=465245141&qb=6rK97KO87Jes7ZaJ&enc=utf8	경주 여행 당일치기로 일찍아침에 거고 저녁 늦은시간에 갈려는데 꼭 가야되는곳이랑 반려건 동반입장이 되는지 궁금합니다! 반려견 동반 경주 여행지 추천해드려요^^	경주 여행내공100경주 여행 당일치기로 일찍아침에 거고 저녁 늦은시간에 갈려는데 꼭 가야되는곳이랑 반려건 동반입장이 되는지 궁금합니다 반려견 동반 경주 여행지 추천해드려요
뚜벅이 경주 여행 1박 코스 추천 좀요	https://kin.naver.com/qna/detail.naver?d1id=9&dirId=90111&docId=399331613&qb=6rK97KO87Jes7ZaJ&enc=utf8	여자친구랑 경주 여행을 가려고 하는데 뚜벅이로 돌아다닐 코스 좀 추천해주세요! 경주월드는 제외하고요. 그... 여자친구와 가볼만한 경주여행코스 추천드릴게요 좋은하루 되세요 ㅎ [경주 가볼만한곳] 1. 경주... 	뚜벅이 경주 여행 1박 코스 추천 좀요여자친구랑 경주 여행을 가려고 하는데 뚜벅이로 돌아다닐 코스 좀 추천해주세요 경주월드는 제외하고요 그 여자친구와 가볼만한 경주여행코스 추천드릴게요 좋은하루 되세요  경주 가볼만한곳 1 경주 
경주여행 HELP!	https://kin.naver.com/qna/detail.naver?d1id=9&dirId=90111&docId=411320608&qb=6rK97KO87Jes7ZaJ&enc=utf8	2월18일부터 2월20일까지 2박3일로 가족들이랑 경주여행가려고 하는데 어딜가야할지모르겠어요 도와주세요ㅜㅠ 중1... 경주 여행 추천지 입니다 경주월드 테마파크 경주 엑스포 대공원 경주 국립 박물관 경주 대원릉 동굴과월지... 	경주여행 HELP2월18일부터 2월20일까지 2박3일로 가족들이랑 경주여행가려고 하는데 어딜가야할지모르겠어요 도와주세요 중1 경주 여행 추천지 입니다 경주월드 테마파크 경주 엑스포 대공원 경주 국립 박물관 경주 대원릉 동굴과월지 
뚜벅이 경주여행	https://kin.naver.com/qna/detail.naver?d1id=9&dirId=90111&docId=443286794&qb=6rK97KO87Jes7ZaJ&enc=utf8	다음주 평일에 화 수 중 경주여행 가려고 했는데 시기상 뷰가 별로 일 거 같아서 고민입니다 ..! 혼자 뚜벅이... 꽃피고 봄바람 살랑살랑 부는 4월달 경주여행 오푸스에서 즐겨보세요 . . . -전객실 개별바베큐장으로... 	뚜벅이 경주여행다음주 평일에 화 수 중 경주여행 가려고 했는데 시기상 뷰가 별로 일 거 같아서 고민입니다  혼자 뚜벅이 꽃피고 봄바람 살랑살랑 부는 4월달 경주여행 오푸스에서 즐겨보세요    전객실 개별바베큐장으로 
경주여행추천	https://kin.naver.com/qna/detail.naver?d1id=9&dirId=90111&docId=399825700&qb=6rK97KO87Jes7ZaJ&enc=utf8	50대부부10월여행 경주여행1박2일코스 밤야경과숙소및먹거리추천부탁합니다 경주 여행을 계획 중이시군요! 그럼 경주에서 가볼 만한 곳들 추천해드리겠습니다. 첨성대, 동궁과 월지, 대릉원... 	경주여행추천50대부부10월여행 경주여행1박2일코스 밤야경과숙소및먹거리추천부탁합니다 경주 여행을 계획 중이시군요 그럼 경주에서 가볼 만한 곳들 추천해드리겠습니다 첨성대 동궁과 월지 대릉원 
경주 여행코스 부탁드려요	https://kin.naver.com/qna/detail.naver?d1id=9&dirId=90111&docId=436222731&qb=6rK97KO87Jes7ZaJ&enc=utf8	... 출발합니다 경주 여행코스 부탁드립니다 숙소는 아직 예약안했어요. 코스보고 근처 게스트하우스로 잡으려고요~ 안녕하세요~ 무계획 없이 이 루트로 가면 실패없는 경주여행... 	경주 여행코스 부탁드려요 출발합니다 경주 여행코스 부탁드립니다 숙소는 아직 예약안했어요 코스보고 근처 게스트하우스로 잡으려고요 안녕하세요 무계획 없이 이 루트로 가면 실패없는 경주여행 
경주 여행 중 꼭 가봐야 할 맛집 리스트는 무엇인가요?	https://kin.naver.com/qna/detail.naver?d1id=4&dirId=40702&docId=486313613&qb=6rK97KO87Jes7ZaJ&enc=utf8	경주 여행을 계획 중이며, 필수 방문 맛집과 핫플레이스를 알고 싶습니다. 현지인들이 추천하는 숨은 명소나... 경주 여행 시 꼭 가봐야 할 맛집은 황남빵 경주식당 잔치국수 교동법주 신라밀면이에요 핫플레이스는 경주 불국사와... 	경주 여행 중 꼭 가봐야 할 맛집 리스트는 무엇인가요경주 여행을 계획 중이며 필수 방문 맛집과 핫플레이스를 알고 싶습니다 현지인들이 추천하는 숨은 명소나 경주 여행 시 꼭 가봐야 할 맛집은 황남빵 경주식당 잔치국수 교동법주 신라밀면이에요 핫플레이스는 경주 불국사와 
경주여행코스(2박3일)	https://kin.naver.com/qna/detail.naver?d1id=9&dirId=90111&docId=432884253&qb=6rK97KO87Jes7ZaJ&enc=utf8	질문이 있어요 5월23일~5월25일 경주 여행코스 추천 해주세요. 1. 대상 : 어머니... 경주여행코스(2박3일)답변드릴게요!경주여행코스(2박3일) 답변드립니다.... ^^ 어머님을 모시고 떠나는 경주여행이 즐거운 추억으로 남을 수 있도록 제가... 	경주여행코스2박3일질문이 있어요 5월23일5월25일 경주 여행코스 추천 해주세요 1 대상  어머니 경주여행코스2박3일답변드릴게요경주여행코스2박3일 답변드립니다  어머님을 모시고 떠나는 경주여행이 즐거운 추억으로 남을 수 있도록 제가 
아이와 경주여행코스 짜려고 하는데 동선 ㅠㅠㅠ어렵네요	https://kin.naver.com/qna/detail.naver?d1id=12&dirId=121102&docId=472108317&qb=6rK97KO87Jes7ZaJ&enc=utf8	가족들과 경주 여행 계획 중입니다 구성원은 남편,저, 4세,7세 아이와 함께 합니다. 첫째날:강동워터파크 6시까지 보낼... 아이와 함께하는 경주 여행 정말 좋을 것 같습니다. 여행하는 동안 필요한 정보를 확인하실 수 있는 정보를... 	아이와 경주여행코스 짜려고 하는데 동선 어렵네요가족들과 경주 여행 계획 중입니다 구성원은 남편저 4세7세 아이와 함께 합니다 첫째날강동워터파크 6시까지 보낼 아이와 함께하는 경주 여행 정말 좋을 것 같습니다 여행하는 동안 필요한 정보를 확인하실 수 있는 정보를 
2박3일 경주 여행	https://kin.naver.com/qna/detail.naver?d1id=9&dirId=90111&docId=473589663&qb=6rK97KO87Jes7ZaJ&enc=utf8	10월 2박3일 경주 여행코스 및 식당 추천부탁드립니다.(1인여행) 숙소는... 경주 여행 가실 때 방문하시기 좋은 뷰 예쁜 카페입니다포토존도 많고... 다양한 작품도 함께 감상할 수 있는 카페라서경주 여행에 참고해 수면 좋을거 같아요	2박3일 경주 여행10월 2박3일 경주 여행코스 및 식당 추천부탁드립니다1인여행 숙소는 경주 여행 가실 때 방문하시기 좋은 뷰 예쁜 카페입니다포토존도 많고 다양한 작품도 함께 감상할 수 있는 카페라서경주 여행에 참고해 수면 좋을거 같아요
경주 여행 코스 어디가★	https://kin.naver.com/qna/detail.naver?d1id=9&dirId=90111&docId=277365452&qb=6rK97KO87Jes7ZaJ&enc=utf8	가족들이랑 경주여행을 가려고 하는데 !! 경주 여행 코스를 어떻게 해야할지 모르겟네요!! 경주 여행 코스 어디가 좋을까요? 사실 중학교때 가보고 안가봤어요 경주 여행코스 가장 핫플레이스만 가보고 싶어요!! 혹시 경주 여행코스 다들... 	경주 여행 코스 어디가가족들이랑 경주여행을 가려고 하는데  경주 여행 코스를 어떻게 해야할지 모르겟네요 경주 여행 코스 어디가 좋을까요 사실 중학교때 가보고 안가봤어요 경주 여행코스 가장 핫플레이스만 가보고 싶어요 혹시 경주 여행코스 다들 
6월 경주여행	https://kin.naver.com/qna/detail.naver?d1id=9&dirId=90111&docId=446801776&qb=6rK97KO87Jes7ZaJ&enc=utf8	제가 6월달에 엄마아빠랑 언니랑 경주여행을 가는데요 갈곳 추천해주세요.너무 유명한 곳은 아니였음 하네요. (예... 경주여행을 계획하시는 것 같네요. 저도 여러분들이 즐길 수 있는 장소와 활동을 추천해드릴게요. ## 1. 경주 월드컵... 	6월 경주여행제가 6월달에 엄마아빠랑 언니랑 경주여행을 가는데요 갈곳 추천해주세요너무 유명한 곳은 아니였음 하네요 예 경주여행을 계획하시는 것 같네요 저도 여러분들이 즐길 수 있는 장소와 활동을 추천해드릴게요  1 경주 월드컵 
경주여행지 추천해주세요	https://kin.naver.com/qna/detail.naver?d1id=9&dirId=90111&docId=411506708&qb=6rK97KO87Jes7ZaJ&enc=utf8	4월에 경주여행계획이 있어요 3박 일정으로 가려고해요.... 질문하신 [경주여행지] 관련 답변 드리도록 하겠습니다. 4월에 경주 여행을 가시나 보군요? 경주는 대부분 평지라... 많으니 경주여행지 알아보실때 조금이라도 참고되셨으면... 	경주여행지 추천해주세요4월에 경주여행계획이 있어요 3박 일정으로 가려고해요 질문하신 경주여행지 관련 답변 드리도록 하겠습니다 4월에 경주 여행을 가시나 보군요 경주는 대부분 평지라 많으니 경주여행지 알아보실때 조금이라도 참고되셨으면 
경주여행 추천 좀 해주세요	https://kin.naver.com/qna/detail.naver?d1id=9&dirId=90111&docId=393877651&qb=6rK97KO87Jes7ZaJ&enc=utf8	... 가야하는 경주 여행지도 추천 부탁합니다 경주보문단지내에 위치한 우양미술관은 국내최초... 경주여행에서 꼭 추천드리고 싶은 장소는 동궁과 월지인데요, 신라시대의 별궁터였었고 왕자가 생활하는 장소였다고 합니다... 	경주여행 추천 좀 해주세요 가야하는 경주 여행지도 추천 부탁합니다 경주보문단지내에 위치한 우양미술관은 국내최초 경주여행에서 꼭 추천드리고 싶은 장소는 동궁과 월지인데요 신라시대의 별궁터였었고 왕자가 생활하는 장소였다고 합니다 
경주여행 코스 동선 어떻게 짜야될까요?	https://kin.naver.com/qna/detail.naver?d1id=9&dirId=90101&docId=448411905&qb=6rK97KO87Jes7ZaJ&enc=utf8	... 자차 이용해서 1박2일로 경주 여행을 가려고 합니다.... 경주여행 코스 동선 어떻게 짜야될까요? 이 문제에 대한 해결책을 제시해 드리도록 하겠습니다. **Step 1: 경주여행... 이처럼, 경주여행 코스 동선을 메인으로 잡은 장소와 그와... 	경주여행 코스 동선 어떻게 짜야될까요 자차 이용해서 1박2일로 경주 여행을 가려고 합니다 경주여행 코스 동선 어떻게 짜야될까요 이 문제에 대한 해결책을 제시해 드리도록 하겠습니다 Step 1 경주여행 이처럼 경주여행 코스 동선을 메인으로 잡은 장소와 그와 
경주 여행 2박3일 코스 조언부탁드립니다.	https://kin.naver.com/qna/detail.naver?d1id=9&dirId=90111&docId=416117973&qb=6rK97KO87Jes7ZaJ&enc=utf8	저희 가족과 저희 부모님을 모시고 경주여행을 2박3일... 질문하신 [경주 여행 코스] 관련 답변드리겠습니다. 가족 분들과 함께 경주 여행을 계획하고 계시는군요! 가족... 3일 경주 여행 일정을 준비했어요. 아래 첨부된 일정을 참고해... 	경주 여행 2박3일 코스 조언부탁드립니다저희 가족과 저희 부모님을 모시고 경주여행을 2박3일 질문하신 경주 여행 코스 관련 답변드리겠습니다 가족 분들과 함께 경주 여행을 계획하고 계시는군요 가족 3일 경주 여행 일정을 준비했어요 아래 첨부된 일정을 참고해 
친정엄마와 2박3일 경주여행 코스요	https://kin.naver.com/qna/detail.naver?d1id=9&dirId=90111&docId=423260716&qb=6rK97KO87Jes7ZaJ&enc=utf8	7월 10일 70대초반 아주 건강한 친정엄마와 둘이 경주여행... 질문하신 [경주 여행 코스] 관련 답변드리겠습니다. 부모님과 함께하는 경주 여행을 계획 중이시군요! 숙소의... 맞춤형 경주 여행 일정을 준비했어요. 아래 첨부된 일정을... 	친정엄마와 2박3일 경주여행 코스요7월 10일 70대초반 아주 건강한 친정엄마와 둘이 경주여행 질문하신 경주 여행 코스 관련 답변드리겠습니다 부모님과 함께하는 경주 여행을 계획 중이시군요 숙소의 맞춤형 경주 여행 일정을 준비했어요 아래 첨부된 일정을 
경주 여행!! 황리단길 맛집추천	https://kin.naver.com/qna/detail.naver?d1id=9&dirId=901&docId=451834956&qb=6rK97KO87Jes7ZaJ&enc=utf8	이번주에 경주여행 가는데 황리단길 근처로 맛집 많이 추천해주세요 ~ 뚜벅이라 거리멀면 힘들어요 ㅠㅠ 경주 여행을 위한 황리단길 맛집 추천과 황리단 맛집과 경주 맛집은 매일 많은 분들이 줄을 오랫동안 서서 기다려 먹는 곳과 배달... 	경주 여행 황리단길 맛집추천이번주에 경주여행 가는데 황리단길 근처로 맛집 많이 추천해주세요  뚜벅이라 거리멀면 힘들어요  경주 여행을 위한 황리단길 맛집 추천과 황리단 맛집과 경주 맛집은 매일 많은 분들이 줄을 오랫동안 서서 기다려 먹는 곳과 배달 
경주여행(숙소추천)	https://kin.naver.com/qna/detail.naver?d1id=9&dirId=90111&docId=460129729&qb=6rK97KO87Jes7ZaJ&enc=utf8	안녕하세요 경기도권에 사는 사람입니다 내년 1월 중순쯤 경주여행을 갈 예정입니다 인원은 엄마3명과 초등5명 총 8명... 근데 추운 겨울 걷는건 비추입니다 ㅠㅠ 가까운 거리도 택시 타고 다니세요^^ &lt; &quot; &quot; &quot;&quot; &quot; 즐거운 경주여행 되시기... 	경주여행숙소추천안녕하세요 경기도권에 사는 사람입니다 내년 1월 중순쯤 경주여행을 갈 예정입니다 인원은 엄마3명과 초등5명 총 8명 근데 추운 겨울 걷는건 비추입니다  가까운 거리도 택시 타고 다니세요 lt quot quot quotquot quot 즐거운 경주여행 되시기 
경주여행지	https://kin.naver.com/qna/detail.naver?d1id=9&dirId=90111&docId=393450697&qb=6rK97KO87Jes7ZaJ&enc=utf8	여자친구랑 경주여행 갈려고 하는데요 혹시 가볼만한 곳이나 경치 좋은 곳 있을까요 차타구 이동할꺼구요... 해주셍ㅛ 경주 여행을 계획하고 계시는군요! 요즘 경주로 여행 가시는 분들이 정말 많은데요 그만큼... 	경주여행지여자친구랑 경주여행 갈려고 하는데요 혹시 가볼만한 곳이나 경치 좋은 곳 있을까요 차타구 이동할꺼구요 해주셍 경주 여행을 계획하고 계시는군요 요즘 경주로 여행 가시는 분들이 정말 많은데요 그만큼 
11월말 경주여행	https://kin.naver.com/qna/detail.naver?d1id=9&dirId=90111&docId=456230156&qb=6rK97KO87Jes7ZaJ&enc=utf8	11월 말에 1박2일로 4명 경주여행갈건데 코스 추천 부탁드립니다.! 경주에 놀러 오시는 군요~ 1박 2일 코스에다가 11월... 그래도 패딩 느낌은 아니고 두꺼운 코트나 경량패딩 정도 입고 오시기를 추천드려요! 즐거운 경주 여행 되세요 :)	11월말 경주여행11월 말에 1박2일로 4명 경주여행갈건데 코스 추천 부탁드립니다 경주에 놀러 오시는 군요 1박 2일 코스에다가 11월 그래도 패딩 느낌은 아니고 두꺼운 코트나 경량패딩 정도 입고 오시기를 추천드려요 즐거운 경주 여행 되세요 
엄마와경주여행	https://kin.naver.com/qna/detail.naver?d1id=9&dirId=90101&docId=442736977&qb=6rK97KO87Jes7ZaJ&enc=utf8	엄마와 경주여행 평일에 대중교통타고 가려고하는데요 일단불국사가고... 도보-대중교통 이용의 경주 여행 코스 의견 드려 볼께요. 먼저 평일 어머니와... 어머니와 행복한 경주 여행 되세요~^^* ★ 경주 주요 관광지의 교통편(도보 포함)... 	엄마와경주여행엄마와 경주여행 평일에 대중교통타고 가려고하는데요 일단불국사가고 도보대중교통 이용의 경주 여행 코스 의견 드려 볼께요 먼저 평일 어머니와 어머니와 행복한 경주 여행 되세요  경주 주요 관광지의 교통편도보 포함 
경주여행 추천부탁드려요~^^	https://kin.naver.com/qna/detail.naver?d1id=9&dirId=90111&docId=413669755&qb=6rK97KO87Jes7ZaJ&enc=utf8	경주여행을 다녀오고싶은데 기본적으로 가볼만한곳들 말고 특별히 가보면 좋을곳이 있을까요?맛집이나... 문의주신 경주 가볼만한곳 추천드릴게요 즐거운 경주여행 되셨으면 좋겠어요 ㅎ [경북 경주 가볼만한곳] 1.... 	경주여행 추천부탁드려요경주여행을 다녀오고싶은데 기본적으로 가볼만한곳들 말고 특별히 가보면 좋을곳이 있을까요맛집이나 문의주신 경주 가볼만한곳 추천드릴게요 즐거운 경주여행 되셨으면 좋겠어요  경북 경주 가볼만한곳 1 
2박3일 경주여행 코스 추천이요!	https://kin.naver.com/qna/detail.naver?d1id=9&dirId=90111&docId=432706403&qb=6rK97KO87Jes7ZaJ&enc=utf8	... 요번에는 색다른 주제로 경주 여행을 하고 싶어요~ 문화재 위주가 아닌 다른 위주로 갈만한 곳 추천해주세요! 야경... 2박3일 경주여행 코스 추천이요!답변드릴게요!안녕하세요 저도 저번주에 경주여행갔던 사람입니다^^ 경주여행이... 	2박3일 경주여행 코스 추천이요 요번에는 색다른 주제로 경주 여행을 하고 싶어요 문화재 위주가 아닌 다른 위주로 갈만한 곳 추천해주세요 야경 2박3일 경주여행 코스 추천이요답변드릴게요안녕하세요 저도 저번주에 경주여행갔던 사람입니다 경주여행이 
[추천해주세요] 경주여행	https://kin.naver.com/qna/detail.naver?d1id=8&dirId=80204&docId=437683257&qb=6rK97KO87Jes7ZaJ&enc=utf8	[추천해주세요] 경주여행 안녕하세요~~ 무계획 이 루트로 이용시 실패없는 경주여행 소개해드릴까 합니다 ㅎㅎ 한번 보시고 마음에 드신다면 채택 부탁드립니다~~	추천해주세요 경주여행추천해주세요 경주여행 안녕하세요 무계획 이 루트로 이용시 실패없는 경주여행 소개해드릴까 합니다  한번 보시고 마음에 드신다면 채택 부탁드립니다
캐리어사이즈 추천 (경주여행)	https://kin.naver.com/qna/detail.naver?d1id=9&dirId=90111&docId=456838651&qb=6rK97KO87Jes7ZaJ&enc=utf8	이번에 아버지랑 2박3일로 경주여행을 가기로 했습니다. 캐리어가 없어 이참에 겸사겸사로 하나 살까 합니다.... 캐리어사이즈 추천 부탁드립니다. 경주여행에 20인치 캐리어를 추천합니다. 매일이 즐거우셨으면 좋겠습니당	캐리어사이즈 추천 경주여행이번에 아버지랑 2박3일로 경주여행을 가기로 했습니다 캐리어가 없어 이참에 겸사겸사로 하나 살까 합니다 캐리어사이즈 추천 부탁드립니다 경주여행에 20인치 캐리어를 추천합니다 매일이 즐거우셨으면 좋겠습니당
경주여행!!	https://kin.naver.com/qna/detail.naver?d1id=9&dirId=90111&docId=396653047&qb=6rK97KO87Jes7ZaJ&enc=utf8	경주 여행을 가려고 하는데 혹시 경주에 폴라로이드 카메라 대여 할 수 있는곳이나? 싸게 구매하는 할 수있는곳... 그리고 경주여행 온다고 하시니 숙소가 제일 중요하잖아요!! 그래서 저희 오푸스11 풀빌라펜션을 추천해드리려고... 	경주여행경주 여행을 가려고 하는데 혹시 경주에 폴라로이드 카메라 대여 할 수 있는곳이나 싸게 구매하는 할 수있는곳 그리고 경주여행 온다고 하시니 숙소가 제일 중요하잖아요 그래서 저희 오푸스11 풀빌라펜션을 추천해드리려고 
경주 여행 렌터카 문의	https://kin.naver.com/qna/detail.naver?d1id=9&dirId=90111&docId=431915466&qb=6rK97KO87Jes7ZaJ&enc=utf8	경주여행을 가려고 합니다. 우선 숙소는 터미널? 주요 관광지를 도보 5~10분... 경주 여행 관광지 추천해드리겠습니다. 말씀하신 터미널?에서 주요 관광지는... 경주 여행은 황리단길에서 시작한다고 보시면 됩니다. 황리단길을 시작으로... 	경주 여행 렌터카 문의경주여행을 가려고 합니다 우선 숙소는 터미널 주요 관광지를 도보 510분 경주 여행 관광지 추천해드리겠습니다 말씀하신 터미널에서 주요 관광지는 경주 여행은 황리단길에서 시작한다고 보시면 됩니다 황리단길을 시작으로 
2박3일 경주여행 코스 추천이요!	https://kin.naver.com/qna/detail.naver?d1id=9&dirId=901&docId=226543245&qb=6rK97KO87Jes7ZaJ&enc=utf8	... 요번에는 색다른 주제로 경주 여행을 하고 싶어요... 2박3일 경주여행코스 추천입니다. ^^ 안녕하세요.... ^^ 2코스 : 경주 남산 정복하기 --&gt; 경주 여행코스 중에서 많은... 4코스 : 불국사와 석굴암 관람하기 ---&gt; 경주여행의 랜드마크죠.... 	2박3일 경주여행 코스 추천이요 요번에는 색다른 주제로 경주 여행을 하고 싶어요 2박3일 경주여행코스 추천입니다  안녕하세요  2코스  경주 남산 정복하기 gt 경주 여행코스 중에서 많은 4코스  불국사와 석굴암 관람하기 gt 경주여행의 랜드마크죠 
경주여행 렌트	https://kin.naver.com/qna/detail.naver?d1id=9&dirId=90111&docId=407610181&qb=6rK97KO87Jes7ZaJ&enc=utf8	렌트해서 경주여행할려하는데 경주도 부산처럼 운전하는거 많이 빡센가여?? 부산에 살고 있다보니 종종 경주여행을 가는데 일단 차가 많이 몰리는 곳은 황리단길, 첨성대 인근, 대릉원인근, 경주시내 정도 입니다 여기 외에는 운전하는데... 	경주여행 렌트렌트해서 경주여행할려하는데 경주도 부산처럼 운전하는거 많이 빡센가여 부산에 살고 있다보니 종종 경주여행을 가는데 일단 차가 많이 몰리는 곳은 황리단길 첨성대 인근 대릉원인근 경주시내 정도 입니다 여기 외에는 운전하는데 
경주 여행 감성 독채 자쿠지 숙소 추천 부탁드립니다.	https://kin.naver.com/qna/detail.naver?d1id=9&dirId=90111&docId=439595095&qb=6rK97KO87Jes7ZaJ&enc=utf8	3월 마지막 주에 경주 여행을 계획하고 있습니다. 어른5명, 4세 아이 가능한 독채 자쿠지 숙소 괜찮은 곳 있으면 추천... 휴식을 취하고자 하는 분들께 최적의 선택입니다. 즐거운 경주 여행 되시길 바랍니다! http://itta-stay.kr/html/index.html	경주 여행 감성 독채 자쿠지 숙소 추천 부탁드립니다3월 마지막 주에 경주 여행을 계획하고 있습니다 어른5명 4세 아이 가능한 독채 자쿠지 숙소 괜찮은 곳 있으면 추천 휴식을 취하고자 하는 분들께 최적의 선택입니다 즐거운 경주 여행 되시길 바랍니다 httpittastaykrhtmlindexhtml
주말 1박2일 경주 여행 코스 문의 드립니다.	https://kin.naver.com/qna/detail.naver?d1id=9&dirId=90111&docId=435585473&qb=6rK97KO87Jes7ZaJ&enc=utf8	... 엄마, 아빠랑 같이 갈건데요~~ 전 경주로 수학여행 다녀온지 너무 오래됐고 엄마,아빠는 경주 여행이 처음이라서요... 그리고 경주 맛집 있으면 추도 부탁드려용~~^^ 주말 1박2일 경주 여행 코스 문의 드립니다.답변드릴게요!경주는... 	주말 1박2일 경주 여행 코스 문의 드립니다 엄마 아빠랑 같이 갈건데요 전 경주로 수학여행 다녀온지 너무 오래됐고 엄마아빠는 경주 여행이 처음이라서요 그리고 경주 맛집 있으면 추도 부탁드려용 주말 1박2일 경주 여행 코스 문의 드립니다답변드릴게요경주는 
경주여행 숙소	https://kin.naver.com/qna/detail.naver?d1id=12&dirId=121102&docId=404430193&qb=6rK97KO87Jes7ZaJ&enc=utf8	11월20일 토요일 경주여행을 가려고 하는데 숙소 정하기가 힘드네요 5인... 2021 낭만있는 가을에 경주여행 즐기고싶다면 경주 신상 풀빌라오세요... 수있어요 #경주펜션 #경주풀빌라 #경주숙소 #경주신축펜션 #경주가볼만한곳 #경주여행... 	경주여행 숙소11월20일 토요일 경주여행을 가려고 하는데 숙소 정하기가 힘드네요 5인 2021 낭만있는 가을에 경주여행 즐기고싶다면 경주 신상 풀빌라오세요 수있어요 경주펜션 경주풀빌라 경주숙소 경주신축펜션 경주가볼만한곳 경주여행 
경주여행 택시투어와 렌트카이용	https://kin.naver.com/qna/detail.naver?d1id=9&dirId=90111&docId=405169257&qb=6rK97KO87Jes7ZaJ&enc=utf8	12월에 1박2일 지인들과 경주여행 가기로 했는데... 질문하신 경주여행 택시투어와 관련하여 답변드리겠습니다. 음~ 경주택시투어도 경주여행 시 편안하게... 최근들어 경주여행 시 많은 분들이 택시투어를 이용하시는데요.... 	경주여행 택시투어와 렌트카이용12월에 1박2일 지인들과 경주여행 가기로 했는데 질문하신 경주여행 택시투어와 관련하여 답변드리겠습니다 음 경주택시투어도 경주여행 시 편안하게 최근들어 경주여행 시 많은 분들이 택시투어를 이용하시는데요 
1박2일로 경주여행을 갑니다	https://kin.naver.com/qna/detail.naver?d1id=12&dirId=121102&docId=426744108&qb=6rK97KO87Jes7ZaJ&enc=utf8	1박2일로 경주여행을 갑니다 천군동에 위치한 풀빌라 3시 입실인데 경주 12시 도착예정이라서 그동안... 안녕하세요~ 무계획없이 이 루트로 가면 실패가 없는 경주여행 소개해볼까 합니다 ㅎㅎ 한번 보시고 마음에 드신다면... 	1박2일로 경주여행을 갑니다1박2일로 경주여행을 갑니다 천군동에 위치한 풀빌라 3시 입실인데 경주 12시 도착예정이라서 그동안 안녕하세요 무계획없이 이 루트로 가면 실패가 없는 경주여행 소개해볼까 합니다  한번 보시고 마음에 드신다면 
경주 여행에 빠질 수 없는 빵집?	https://kin.naver.com/qna/detail.naver?d1id=9&dirId=90111&docId=329388645&qb=6rK97KO87Jes7ZaJ&enc=utf8	경주 여행에 빠질 수 없는 빵집 알려주세요. 주말에 남편과 경주 여행 갑니다. 제가 빵을 너무 좋아하는데 경주 여행 에서만 먹을 수 있는 빵집 어딘가요? 경주 여행하기 좋은 계절입니다. 저도 늘 이맘때 아이들과 경주에 가거든요... 	경주 여행에 빠질 수 없는 빵집경주 여행에 빠질 수 없는 빵집 알려주세요 주말에 남편과 경주 여행 갑니다 제가 빵을 너무 좋아하는데 경주 여행 에서만 먹을 수 있는 빵집 어딘가요 경주 여행하기 좋은 계절입니다 저도 늘 이맘때 아이들과 경주에 가거든요 
경주여행 추천	https://kin.naver.com/qna/detail.naver?d1id=9&dirId=90111&docId=409786002&qb=6rK97KO87Jes7ZaJ&enc=utf8	중학생이고 친구랑 당일치기로 경주여행을 할려고 하는데 가볼만한 곳... 제가 저번에 다녀온 경주 여행 코스를 같이 추천드릴테니 참고용으로... tistory.com/46 제 글이 도움이 되서 즐거운 경주 여행 보내시면 좋겠네요 ㅎㅎ	경주여행 추천중학생이고 친구랑 당일치기로 경주여행을 할려고 하는데 가볼만한 곳 제가 저번에 다녀온 경주 여행 코스를 같이 추천드릴테니 참고용으로 tistorycom46 제 글이 도움이 되서 즐거운 경주 여행 보내시면 좋겠네요 
초등학생경주여행	https://kin.naver.com/qna/detail.naver?d1id=9&dirId=90111&docId=455869243&qb=6rK97KO87Jes7ZaJ&enc=utf8	전남에서 2박3일로 초등학생데리고 경주여행을 가져고하는데요,,, 아,,, 코스짜기가 쉽지않네요 숙소는... 질문하신 [경주여행지] 관련 답변 드리도록 하겠습니다. 2박3일간 다녀올만한 곳으로 경주여행지를 찾고 계시나 봅니다. 경주에... 	초등학생경주여행전남에서 2박3일로 초등학생데리고 경주여행을 가져고하는데요 아 코스짜기가 쉽지않네요 숙소는 질문하신 경주여행지 관련 답변 드리도록 하겠습니다 2박3일간 다녀올만한 곳으로 경주여행지를 찾고 계시나 봅니다 경주에 
1박2일 어르신들과함께 경주여행~숙소와... 	https://kin.naver.com/qna/detail.naver?d1id=9&dirId=90111&docId=448650337&qb=6rK97KO87Jes7ZaJ&enc=utf8	1박2일 어르신들 경주여행추천 해주세요~~!!인원20~25명 숙소는 식사가 함께... **경주여행 추천** 안녕하세요! 경주여행에 관심이 있으신 것 같아서 저희가... 함께하는 경주여행에서는 역사와 문화를 경험할 수 있는 명소를 추천합니다.... 	1박2일 어르신들과함께 경주여행숙소와 1박2일 어르신들 경주여행추천 해주세요인원2025명 숙소는 식사가 함께 경주여행 추천 안녕하세요 경주여행에 관심이 있으신 것 같아서 저희가 함께하는 경주여행에서는 역사와 문화를 경험할 수 있는 명소를 추천합니다 
경주여행 용황이 무엇인가요?	https://kin.naver.com/qna/detail.naver?d1id=9&dirId=90111&docId=466305148&qb=6rK97KO87Jes7ZaJ&enc=utf8	안녕하세요 경주 여행하려고 알아보고있습니다. 알아보던중 황리단길과 용황동? 용황지구? 이렇게 알게되었는데 지역민은 용황쪽에서 자주 놀고, 관광객들은 황리단길에서 논다는 말이 있더라고요. 용황동 이라는 곳은 아예없던데... 	경주여행 용황이 무엇인가요안녕하세요 경주 여행하려고 알아보고있습니다 알아보던중 황리단길과 용황동 용황지구 이렇게 알게되었는데 지역민은 용황쪽에서 자주 놀고 관광객들은 황리단길에서 논다는 말이 있더라고요 용황동 이라는 곳은 아예없던데 
경주 여행 돌아볼곳	https://kin.naver.com/qna/detail.naver?d1id=9&dirId=90111&docId=384132147&qb=6rK97KO87Jes7ZaJ&enc=utf8	경주 여행코스 알아보고있는데 마땅히 갈만한 곳있을까영 안녕하세요, 취향대로 머물다 여기어때 입니다. 질문하신 [경주 여행] 관련 답변 드리도록 하겠습니다. 경주 여행을 하시나 봅니다^^! 갈만한 곳 몇가지 알려드리도록... 	경주 여행 돌아볼곳경주 여행코스 알아보고있는데 마땅히 갈만한 곳있을까영 안녕하세요 취향대로 머물다 여기어때 입니다 질문하신 경주 여행 관련 답변 드리도록 하겠습니다 경주 여행을 하시나 봅니다 갈만한 곳 몇가지 알려드리도록 
할머니랑 12월 경주여행	https://kin.naver.com/qna/detail.naver?d1id=9&dirId=90111&docId=405014251&qb=6rK97KO87Jes7ZaJ&enc=utf8	할머니랑 1박2일로 경주여행 갈려고 하는데 코스를 어떻게 짜면 좋을까요??... 질문하신 경주여행과 관련하여 답변드리겠습니다. 할머니랑 여행을... 요즘에는 경주택시투어를 통해 보다 편안하게 경주여행을 즐겨보실 수... 	할머니랑 12월 경주여행할머니랑 1박2일로 경주여행 갈려고 하는데 코스를 어떻게 짜면 좋을까요 질문하신 경주여행과 관련하여 답변드리겠습니다 할머니랑 여행을 요즘에는 경주택시투어를 통해 보다 편안하게 경주여행을 즐겨보실 수 
경주여행 1박2일 알찬코스로 추천해주세요 ^^	https://kin.naver.com/qna/detail.naver?d1id=9&dirId=90105&docId=434332784&qb=6rK97KO87Jes7ZaJ&enc=utf8	경주여행 1박2일 알찬코스로 추천해주세요 1박이라 짧지만... 질문하신 [경주여행] 관련 답변 드리도록 하겠습니다. 1박2일 경주여행을 다녀오실 예정이시군요~ 가볼만한 곳들... 좋으니 경주 여행하시는데 참고하시기 바랍니다. 도움이... 	경주여행 1박2일 알찬코스로 추천해주세요 경주여행 1박2일 알찬코스로 추천해주세요 1박이라 짧지만 질문하신 경주여행 관련 답변 드리도록 하겠습니다 1박2일 경주여행을 다녀오실 예정이시군요 가볼만한 곳들 좋으니 경주 여행하시는데 참고하시기 바랍니다 도움이 
사월말에 가족들과 경주여행 계획중인데	https://kin.naver.com/qna/detail.naver?d1id=9&dirId=90111&docId=402100153&qb=6rK97KO87Jes7ZaJ&enc=utf8	사월말에 가족들과 경주여행 계획중인데 경주는 처음가는곳이 업네요 가족들과 가볼만한곳 즘 소개해주세요경경주는... 가족과 함께 경주 여행 계획하고 계시군요.한화리조트 경주 내에서도 즐거운 경주 여행의 추억을 만드실 수... 	사월말에 가족들과 경주여행 계획중인데사월말에 가족들과 경주여행 계획중인데 경주는 처음가는곳이 업네요 가족들과 가볼만한곳 즘 소개해주세요경경주는 가족과 함께 경주 여행 계획하고 계시군요한화리조트 경주 내에서도 즐거운 경주 여행의 추억을 만드실 수 
경주여행 지금	https://kin.naver.com/qna/detail.naver?d1id=12&dirId=121102&docId=365192852&qb=6rK97KO87Jes7ZaJ&enc=utf8	경주여행 3가지만 답해주세요 1.지금 경주여행가면 많이 더울까요? 2.쪄죽을정도로 못돌아다니나요? 3. 고속버스타고... 1.지금 경주여행가면 많이 더울까요? 가장 더운 시기입니다. 낮에 30도가 넘고 34도까지 갈수도 있습니다. 2.... 	경주여행 지금경주여행 3가지만 답해주세요 1지금 경주여행가면 많이 더울까요 2쪄죽을정도로 못돌아다니나요 3 고속버스타고 1지금 경주여행가면 많이 더울까요 가장 더운 시기입니다 낮에 30도가 넘고 34도까지 갈수도 있습니다 2 
경주여행 3박4일 가족 여행 코스 추천부탁드려요!	https://kin.naver.com/qna/detail.naver?d1id=9&dirId=90111&docId=450900235&qb=6rK97KO87Jes7ZaJ&enc=utf8	경주여행 3박4일 코스로 추천 부탁드려요! 이번 추석기간에 4인 가족(아이들은 없어요)이 함께 여행을 가고자... 경주여행 3박4일 가족 여행 코스 추천해 드릴게요! 제가 여러분을 위해 직접 조사한 결과를 바탕으로 최적의 코스를 제안해... 	경주여행 3박4일 가족 여행 코스 추천부탁드려요경주여행 3박4일 코스로 추천 부탁드려요 이번 추석기간에 4인 가족아이들은 없어요이 함께 여행을 가고자 경주여행 3박4일 가족 여행 코스 추천해 드릴게요 제가 여러분을 위해 직접 조사한 결과를 바탕으로 최적의 코스를 제안해 
경주 여행 중 꼭 가봐야 할 맛집 리스트는 무엇인가요?	https://kin.naver.com/qna/detail.naver?d1id=8&dirId=80208&docId=486315579&qb=6rK97KO87Jes7ZaJ&enc=utf8	경주 여행을 계획 중이며, 필수 방문 맛집과 핫플레이스에 대해 알고 싶습니다. 현지인들이 추천하는 숨은 맛집이나... 경주 여행 추천 리스트! 여기 꼭 가봐야 할 맛집과 핫플레이스를 정리해봤어요. 1. 맛집 교동 맛집 거리: 경주의... 	경주 여행 중 꼭 가봐야 할 맛집 리스트는 무엇인가요경주 여행을 계획 중이며 필수 방문 맛집과 핫플레이스에 대해 알고 싶습니다 현지인들이 추천하는 숨은 맛집이나 경주 여행 추천 리스트 여기 꼭 가봐야 할 맛집과 핫플레이스를 정리해봤어요 1 맛집 교동 맛집 거리 경주의 
경주 여행코스 동선별로 추천해주세요.	https://kin.naver.com/qna/detail.naver?d1id=9&dirId=90111&docId=405771688&qb=6rK97KO87Jes7ZaJ&enc=utf8	경주 여행코스 동선, 일이 있어서 경주 가는김에 다음주에 하루 정도만 보려고 하는데 일단 석굴암 불국사는... 질문하신 [경주 여행일정] 관련 답변 드리도록 하겠습니다. 비록 1박2일이지만 사실상 당일치기인 경주 여행을 준비... 	경주 여행코스 동선별로 추천해주세요경주 여행코스 동선 일이 있어서 경주 가는김에 다음주에 하루 정도만 보려고 하는데 일단 석굴암 불국사는 질문하신 경주 여행일정 관련 답변 드리도록 하겠습니다 비록 1박2일이지만 사실상 당일치기인 경주 여행을 준비 
1박2일 초보운전 경주여행코스	https://kin.naver.com/qna/detail.naver?d1id=9&dirId=901&docId=248854588&qb=6rK97KO87Jes7ZaJ&enc=utf8	... 1박2일로 경주여행 코스좀 짜주세요 아무래도 가는데는 어려움이 없을것... 4월 1~2일에 경주여행하기에 좋은 날일 것 같아요. 벚꽃들이 서서히 개화를... 참고로, 쭈니아빠 블로그를 방문하시면, 경주여행 카테고리가 있습니다.... 	1박2일 초보운전 경주여행코스 1박2일로 경주여행 코스좀 짜주세요 아무래도 가는데는 어려움이 없을것 4월 12일에 경주여행하기에 좋은 날일 것 같아요 벚꽃들이 서서히 개화를 참고로 쭈니아빠 블로그를 방문하시면 경주여행 카테고리가 있습니다 
아들과(초4년) 경주여행 일정!	https://kin.naver.com/qna/detail.naver?d1id=9&dirId=90111&docId=230463403&qb=6rK97KO87Jes7ZaJ&enc=utf8	-아들과 경주여행을 가려합니다! 선배님들의 조언을... 경주여행코스 추천드립니다. 안녕하세요. 여행전문블로거... 초등학교 4학년 아들과 함께 가는 경주여행이라면 역사와... ^^ 하루 코스 : 경주 남산 정복하기 --&gt; 경주 여행코스 중에서... 	아들과초4년 경주여행 일정아들과 경주여행을 가려합니다 선배님들의 조언을 경주여행코스 추천드립니다 안녕하세요 여행전문블로거 초등학교 4학년 아들과 함께 가는 경주여행이라면 역사와  하루 코스  경주 남산 정복하기 gt 경주 여행코스 중에서 
경주 여행을 가려고 함니다,,!	https://kin.naver.com/qna/detail.naver?d1id=13&dirId=130102&docId=38195921&qb=6rK97KO87Jes7ZaJ&enc=utf8	저희 가족이 2박 3일로 경주 여행을 가려고 합니다.. 가족은 4인가족 (3학년, 5학년)이구요, 경주에 있는 문화재를 보고... 작년 여름방학 때 저도 경주여행 한 번 했었죠. 저는 2박3일로 갔다온게 아니라 당일로 갔다왔습니다. 성심껏 답변... 	경주 여행을 가려고 함니다저희 가족이 2박 3일로 경주 여행을 가려고 합니다 가족은 4인가족 3학년 5학년이구요 경주에 있는 문화재를 보고 작년 여름방학 때 저도 경주여행 한 번 했었죠 저는 2박3일로 갔다온게 아니라 당일로 갔다왔습니다 성심껏 답변 
포항에서 경주가는 기차와 요금 그리고 경주 여행시... 	https://kin.naver.com/qna/detail.naver?d1id=9&dirId=90111&docId=432662556&qb=6rK97KO87Jes7ZaJ&enc=utf8	포항에서 경주가는 기차와 요금 그리고 경주 여행시... (중3)과 경주 여행시 가보아야 할 코스 그리고 경주 맛집... 그리고 경주 여행시 가보아야 할곳답변드릴게요!포항에서 경주 가시는 열차 시간,가격,경주여행시 가보아야 할... 	포항에서 경주가는 기차와 요금 그리고 경주 여행시 포항에서 경주가는 기차와 요금 그리고 경주 여행시 중3과 경주 여행시 가보아야 할 코스 그리고 경주 맛집 그리고 경주 여행시 가보아야 할곳답변드릴게요포항에서 경주 가시는 열차 시간가격경주여행시 가보아야 할 
경주여행 갈만한곳 알려주세요!!	https://kin.naver.com/qna/detail.naver?d1id=9&dirId=90111&docId=228946682&qb=6rK97KO87Jes7ZaJ&enc=utf8	... 경주여행을 가려고 합니다 2박3일 경주를 관광하며 옛 문화와 정서를 배워보고 체험하고자 경주여행 계획을 세우고 있는데요 1일차, 2일차, 3일차 어떤식으로 경주여행 계획을 세워야할지 궁금합니다 가족들과 함께하는 경주여행... 	경주여행 갈만한곳 알려주세요 경주여행을 가려고 합니다 2박3일 경주를 관광하며 옛 문화와 정서를 배워보고 체험하고자 경주여행 계획을 세우고 있는데요 1일차 2일차 3일차 어떤식으로 경주여행 계획을 세워야할지 궁금합니다 가족들과 함께하는 경주여행 
경주여행 질문이요	https://kin.naver.com/qna/detail.naver?d1id=9&dirId=90111&docId=126885458&qb=6rK97KO87Jes7ZaJ&enc=utf8	안녕하세요 경주여행을 준비중인데요 출발지는 서울이구요 3월 22일 오전6시경에 서울에서 출발하려고 하고요... 부탁드려요 경주여행 일정과 형편에 맞게 아래코스에서 조절하면 됩니다. ※시내버스투어(도보, 자전거)... 	경주여행 질문이요안녕하세요 경주여행을 준비중인데요 출발지는 서울이구요 3월 22일 오전6시경에 서울에서 출발하려고 하고요 부탁드려요 경주여행 일정과 형편에 맞게 아래코스에서 조절하면 됩니다 시내버스투어도보 자전거 
역사에무지한 경주여행코스 부탁 드려요	https://kin.naver.com/qna/detail.naver?d1id=9&dirId=90105&docId=392846970&qb=6rK97KO87Jes7ZaJ&enc=utf8	... 이번에 여동생이랑 경주여행1박2일 하려고 하는데요 부끄럽지만 고등학생때 역사 넘 싫어해서 역사 잘 몰라요....... 안내소 책자나 경주 여행 사이트 활용하시면 됩니다 책자가 진짜 잘 나와있어서.. 그리고 경주나 어디 여행 가시면... 	역사에무지한 경주여행코스 부탁 드려요 이번에 여동생이랑 경주여행1박2일 하려고 하는데요 부끄럽지만 고등학생때 역사 넘 싫어해서 역사 잘 몰라요 안내소 책자나 경주 여행 사이트 활용하시면 됩니다 책자가 진짜 잘 나와있어서 그리고 경주나 어디 여행 가시면 
경주여행 코스추천	https://kin.naver.com/qna/detail.naver?d1id=9&dirId=90111&docId=75240723&qb=6rK97KO87Jes7ZaJ&enc=utf8	경주 여행 가려고 합니다. 4우러 30일 새벽에 출발 해서 대명 콘도에 묵을 예정인데... 1박2일동안 있을 예정이고... 기림사 분황사 부처골 무열왕릉 석굴암 황룡사지 오릉 국립경주박물관 참고하시어 유쾌한 경주여행 하시기를 - - -	경주여행 코스추천경주 여행 가려고 합니다 4우러 30일 새벽에 출발 해서 대명 콘도에 묵을 예정인데 1박2일동안 있을 예정이고 기림사 분황사 부처골 무열왕릉 석굴암 황룡사지 오릉 국립경주박물관 참고하시어 유쾌한 경주여행 하시기를   
경주여행코스(2박3일)	https://kin.naver.com/qna/detail.naver?d1id=9&dirId=90111&docId=224961090&qb=6rK97KO87Jes7ZaJ&enc=utf8	5월23일~5월25일 경주 여행코스 추천 해주세요. 1. 대상 : 어머니, 자녀 (9세), 본인... 경주여행코스(2박3일) 답변드립니다. 안녕하세요. 여행전문 블로거... ^^ 어머님을 모시고 떠나는 경주여행이 즐거운 추억으로 남을 수 있도록 제가 경험한... 	경주여행코스2박3일5월23일5월25일 경주 여행코스 추천 해주세요 1 대상  어머니 자녀 9세 본인 경주여행코스2박3일 답변드립니다 안녕하세요 여행전문 블로거  어머님을 모시고 떠나는 경주여행이 즐거운 추억으로 남을 수 있도록 제가 경험한 
경주여행 날씨..	https://kin.naver.com/qna/detail.naver?d1id=8&dirId=815&docId=476096844&qb=6rK97KO87Jes7ZaJ&enc=utf8	10월 8일날 경주여행 가려는데 날씨가어떤가요 10월 8일 경주 날씨는 대체로 흐릴 가능성이 있으며, 낮 기온은 18~22°C 정도로 예상돼요. 비가 내릴 가능성은 낮지만, 흐린 날씨가 이어질 수 있으니 여행 계획에 참고하시면 좋을 것... 	경주여행 날씨10월 8일날 경주여행 가려는데 날씨가어떤가요 10월 8일 경주 날씨는 대체로 흐릴 가능성이 있으며 낮 기온은 1822C 정도로 예상돼요 비가 내릴 가능성은 낮지만 흐린 날씨가 이어질 수 있으니 여행 계획에 참고하시면 좋을 것 
경주 여행가려구요	https://kin.naver.com/qna/detail.naver?d1id=9&dirId=90111&docId=455851613&qb=6rK97KO87Jes7ZaJ&enc=utf8	경주 여행 가려고 하는데... 11월 초에나 갈 것 같아요. 그쯤 되면 날씨가 많이 추울 것 같은데.. 그 시즌에 다니기가 괜찮을까요? 11월이면 가을도 무르익어갈무렵이고 그리 춥지않아서... 	경주 여행가려구요경주 여행 가려고 하는데 11월 초에나 갈 것 같아요 그쯤 되면 날씨가 많이 추울 것 같은데 그 시즌에 다니기가 괜찮을까요 11월이면 가을도 무르익어갈무렵이고 그리 춥지않아서 
