title,link
"[농업이 희망이다] 한입 베어물면 향긋함 가득 '세종 복숭아'…""116년 명품과일""",http://v.daum.net/v/20250528182418240
"농협손보, 농번기 복숭아 농가 일손 보탬",http://v.daum.net/v/20250530145100150
"농협손보, 복숭아 농가 찾아 ‘구슬땀’…농번기 일손돕기 나서",http://v.daum.net/v/20250530094031842
[픽! 남원] 벌써 수확 시작된 춘향골 복숭아,http://v.daum.net/v/20250509140045832
"[무안소식] 전남농협, 화순 복숭아 농장서 일손 돕기",http://v.daum.net/v/20250527151647370
충북은 ‘복숭아’ 고장… 작년 매출액 1000억원 육박,http://v.daum.net/v/20250529193850934
"한소희, 복숭아 말고 조각상 같아…로마에서 찍힌 Y2K 여신각",http://v.daum.net/v/20250527211201423
"경북 영덕에 기부하면? 깊은 감칠맛 더하는 게간장, 새콤달콤한 딱딱이 복숭아",http://v.daum.net/v/20250530050023789
"화순군, 본격 영농철 맞아 복숭아 농가 일손돕기 나서",http://v.daum.net/v/20250528101903270
"NH농협은행 세종본부, 조치원복숭아축제 후원금 1억원 전달",http://v.daum.net/v/20250529161003404
[포토] 복숭아 전정 작업하는 정용왕 농협물류 대표,http://v.daum.net/v/20250529185409662
"복숭아 열매솎기 막바지···""경북 청도는 냉해가 그나마 덜해요""",http://v.daum.net/v/20250524204240102
"한소희, 이 언니 복숭아 안 먹는 이유…볼에 이미 꽃 피었잖아",http://v.daum.net/v/20250525171202314
"한소희, 복숭아 터졌나…이탈리아 향하는 Y2K 여신",http://v.daum.net/v/20250526180601826
“복숭아 농사 스마트하게”,http://v.daum.net/v/20250520184030054
"대전 회덕농협 NH누리봉사단, 복숭아 농가서 일손돕기",http://v.daum.net/v/20250527102322241
"투썸플레이스, 신메뉴 활용한 ‘복숭아 스탬프 이벤트’ 진행",http://v.daum.net/v/20250526155316505
"충북 괴산지역 복숭아 농가, 저온 피해 속출",http://v.daum.net/v/20250520170841593
"화순군, 복숭아 생산을 위한 적과·봉지 작업 당부",http://v.daum.net/v/20250518155715856
"(재)영덕문화관광재단, 산불피해 복숭아 재배농가 봉사활동 전개",http://v.daum.net/v/20250520161735162
"""복숭아 농사도 스마트하게"" 자율주행 제초 로봇도 투입",http://v.daum.net/v/20250520151727199
‘산불에 냉해까지’…경북서 자두·복숭아 등 3127㏊ 피해,http://v.daum.net/v/20250520181903406
"임실군, 복숭아순나방 정밀 예찰 강화…현장 컨설팅 추진",http://v.daum.net/v/20250520112210347
"법무부 여주준법지원센터, 이천 복숭아 재배 농가서 적과작업 봉사활동 전개",http://v.daum.net/v/20250521132850684
"농진청 ""사과·복숭아 탄저병 예방 5~6월 집중 방제 중요""",http://v.daum.net/v/20250511110023141
남원 ‘명품 시설복숭아’ 본격 출하…일반 노지보다 40일 앞서,http://v.daum.net/v/20250509142420572
"NH농협은행 전남본부, 복숭아 적과 작업으로 영농철 일손돕기",http://v.daum.net/v/20250523153535230
"전주농협·NH농협 전주시지부, 복숭아 적과 작업에 구슬땀",http://v.daum.net/v/20250519144241897
[新문인화 산책]추억의 심연 속에 침잠하던 봉계흑돌과 복숭아의 만남,http://v.daum.net/v/20250512002304631
"충북 청주 내수농협, 복숭아 재배 농가에서 일손 돕기",http://v.daum.net/v/20250522090423478
