no,tilte,link,thumbnail,sizeheight,sizewidth
1,"수박 로열티 무료 사진, 그림, 이미지 그리고 스톡포토그래피. Image 18867472 수박",https://previews.123rf.com/images/antpkr/antpkr1304/antpkr130400033/18867472-%EC%88%98%EB%B0%95.jpg,https://search.pstatic.net/sunny/?type=b150&src=https://previews.123rf.com/images/antpkr/antpkr1304/antpkr130400033/18867472-%EC%88%98%EB%B0%95.jpg,865,1300
2,갑봉이네 새벽수확 고당도 하우스 꿀 수박 3kg 4kg 5kg : 갑봉이네,http://shop1.phinf.naver.net/20221030_135/1667098151327qjWep_JPEG/68233997022587996_527921571.jpg,https://search.pstatic.net/common/?type=b150&src=http://shop1.phinf.naver.net/20221030_135/1667098151327qjWep_JPEG/68233997022587996_527921571.jpg,1000,1000
3,고당도 꿀수박 논산 스테비아 수박 3-4kg : 오렌지씨,http://shop1.phinf.naver.net/20240509_169/1715232495344i1UiC_JPEG/42535179223083558_485760465.jpg,https://search.pstatic.net/common/?type=b150&src=http://shop1.phinf.naver.net/20240509_169/1715232495344i1UiC_JPEG/42535179223083558_485760465.jpg,1000,1000
4,흑수박 씨없는수박 애플수박 흑미 스테비아 고당도 : 복주농장,http://shop1.phinf.naver.net/20250421_139/1745165090336VXexF_PNG/375238436727147_1650607941.png,https://search.pstatic.net/common/?type=b150&src=http://shop1.phinf.naver.net/20250421_139/1745165090336VXexF_PNG/375238436727147_1650607941.png,1000,1000
5,고당도 줄무늬 수박 당도선별 프리미엄 꿀수박 : 엘로아시스,http://shop1.phinf.naver.net/20230721_164/1689905556282u9DD5_PNG/37574573025163439_1820408170.png,https://search.pstatic.net/common/?type=b150&src=http://shop1.phinf.naver.net/20230721_164/1689905556282u9DD5_PNG/37574573025163439_1820408170.png,1000,1000
6,25년 첫수확 1화방 고당도 정품 하우스 꿀수박 : 산지도매센타,http://shop1.phinf.naver.net/20180516_138/freshmentor_1526462459096jvBAT_JPEG/9181317943280038_1872553507.jpg,https://search.pstatic.net/common/?type=b150&src=http://shop1.phinf.naver.net/20180516_138/freshmentor_1526462459096jvBAT_JPEG/9181317943280038_1872553507.jpg,640,640
7,수박 씨없는 애플수박 흑수박 꿀수박 흑미 하우스 : 방긋이네,http://shop1.phinf.naver.net/20250510_274/1746865526682oWP80_PNG/80998377759199700_1300667001.png,https://search.pstatic.net/common/?type=b150&src=http://shop1.phinf.naver.net/20250510_274/1746865526682oWP80_PNG/80998377759199700_1300667001.png,1000,1000
8,고창황토배기 하우스수박 11bix이상 당도보장 프리미엄 고창수박 8-10kg : 농업회사법인 고창황토배기,http://shop1.phinf.naver.net/20230518_65/1684387959393WOIe3_JPEG/37755504050356943_269725306.JPG,https://search.pstatic.net/common/?type=b150&src=http://shop1.phinf.naver.net/20230518_65/1684387959393WOIe3_JPEG/37755504050356943_269725306.JPG,6000,4000
9,"45 페이지 | 수박 PSD, 개 이상의 고품질 무료 PSD 템플릿 다운로드 가능 | Freepik",https://img.freepik.com/premium-psd/watermelon-transparent-background_191066-17880.jpg,https://search.pstatic.net/sunny/?type=b150&src=https://img.freepik.com/premium-psd/watermelon-transparent-background_191066-17880.jpg,626,626
10,"[한정판매] 하루30개 특수농법 꿀범벅 못난이수박, 5kg, 1개 - 수박 | 쿠팡",https://thumbnail10.coupangcdn.com/thumbnails/remote/492x492ex/image/vendor_inventory/25ad/c0c548861cb79751ac627af210d29676fdf9b05e99570c2cc6031cf43b75.png,https://search.pstatic.net/sunny/?type=b150&src=https://thumbnail10.coupangcdn.com/thumbnails/remote/492x492ex/image/vendor_inventory/25ad/c0c548861cb79751ac627af210d29676fdf9b05e99570c2cc6031cf43b75.png,492,492
11,고당도 꿀수박 흑미수박 흑수박 애플 씨없는 수박 : 달콤초록,http://shop1.phinf.naver.net/20250506_174/1746519595510J6bkO_JPEG/96766023432833194_1536775890.JPG,https://search.pstatic.net/common/?type=b150&src=http://shop1.phinf.naver.net/20250506_174/1746519595510J6bkO_JPEG/96766023432833194_1536775890.JPG,3024,3024
12,달콤함의 절정 고령 우곡 그린 수박 : 쏭토리온,http://shop1.phinf.naver.net/20250512_236/1746979962286mnKRq_JPEG/5287456156320414_1138358076.jpg,https://search.pstatic.net/common/?type=b150&src=http://shop1.phinf.naver.net/20250512_236/1746979962286mnKRq_JPEG/5287456156320414_1138358076.jpg,1000,1000
13,고당도 꿀 흑수박 흑미수박 13brix : 우주아빠 신선마켓,http://shop1.phinf.naver.net/20250501_256/1746081998355jY8JN_PNG/666053712957583_496266250.png,https://search.pstatic.net/common/?type=b150&src=http://shop1.phinf.naver.net/20250501_256/1746081998355jY8JN_PNG/666053712957583_496266250.png,1000,1000
14,"수박 로열티 무료 사진, 그림, 이미지 그리고 스톡포토그래피. Image 28866629 수박",https://previews.123rf.com/images/margouillat/margouillat1406/margouillat140600057/28866629-%EC%88%98%EB%B0%95.jpg,https://search.pstatic.net/sunny/?type=b150&src=https://previews.123rf.com/images/margouillat/margouillat1406/margouillat140600057/28866629-%EC%88%98%EB%B0%95.jpg,866,1300
15,"수박 로열티 무료 사진, 그림, 이미지 그리고 스톡포토그래피. Image 25482649 수박",https://previews.123rf.com/images/prakasit/prakasit1401/prakasit140100394/25482649-%EC%88%98%EB%B0%95.jpg,https://search.pstatic.net/sunny/?type=b150&src=https://previews.123rf.com/images/prakasit/prakasit1401/prakasit140100394/25482649-%EC%88%98%EB%B0%95.jpg,870,1300
16,벌써 수박 나왔어요 | 한국경제 벌써 수박 나왔어요,https://img.hankyung.com/photo/201403/AA.8525949.1.jpg,https://search.pstatic.net/sunny/?type=b150&src=https://img.hankyung.com/photo/201403/AA.8525949.1.jpg,706,550
17,농협선별 부여 굿뜨래 꿀 수박 산지직송 당도선별 하우스 수박 5kg-8kg : 새콤푸룻,http://shop1.phinf.naver.net/20240503_52/1714737206658UtRuC_JPEG/115873049357602466_1378314144.jpg,https://search.pstatic.net/common/?type=b150&src=http://shop1.phinf.naver.net/20240503_52/1714737206658UtRuC_JPEG/115873049357602466_1378314144.jpg,1000,1000
18,고당도 수박 임산부 하우스 꿀수박 봄 산지직배송 5월 못난이 : 일래샵,http://shop1.phinf.naver.net/20250508_237/1746709974053Y6ulF_JPEG/21652191718156585_107294167.jpg,https://search.pstatic.net/common/?type=b150&src=http://shop1.phinf.naver.net/20250508_237/1746709974053Y6ulF_JPEG/21652191718156585_107294167.jpg,1000,1000
19,산지직송 블랙망고수박 고당도 노란 흑미수박 2kg 3kg : 엘로아시스,http://shop1.phinf.naver.net/20240603_283/1717398389438je6Sl_JPEG/118534285159956094_1256306156.jpg,https://search.pstatic.net/common/?type=b150&src=http://shop1.phinf.naver.net/20240603_283/1717398389438je6Sl_JPEG/118534285159956094_1256306156.jpg,1000,1000
20,"수박 로열티 무료 사진, 그림, 이미지 그리고 스톡포토그래피. Image 14955339 수박",https://previews.123rf.com/images/likephotoman/likephotoman1208/likephotoman120800142/14955339-%EC%88%98%EB%B0%95.jpg,https://search.pstatic.net/sunny/?type=b150&src=https://previews.123rf.com/images/likephotoman/likephotoman1208/likephotoman120800142/14955339-%EC%88%98%EB%B0%95.jpg,903,1300
21,"48 페이지 | 수박 PSD, 개 이상의 고품질 무료 PSD 템플릿 다운로드 가능 | Freepik",https://img.freepik.com/premium-psd/piece-watermelon-fruit-transparent-background_1185400-130.jpg,https://search.pstatic.net/sunny/?type=b150&src=https://img.freepik.com/premium-psd/piece-watermelon-fruit-transparent-background_1185400-130.jpg,626,626
22,달콤하고 맛있는 꿀 수박 3kg 4kg 5kg 8kg이상 국산하우스 수박 : 맛농,http://shop1.phinf.naver.net/20211130_68/1638240686243pjTI9_JPEG/39376584904511271_1078495293.jpg,https://search.pstatic.net/common/?type=b150&src=http://shop1.phinf.naver.net/20211130_68/1638240686243pjTI9_JPEG/39376584904511271_1078495293.jpg,1000,1000
23,고당도 음성 맹동 수박 고령 함안 고창 3kg 4kg 5kg 프리미엄 블랙펄수박 하우스 흑수박 : 하이픽마켓,http://shop1.phinf.naver.net/20250510_143/1746884605559FK7GV_JPEG/2093663424476228_1511086678.jpg,https://search.pstatic.net/common/?type=b150&src=http://shop1.phinf.naver.net/20250510_143/1746884605559FK7GV_JPEG/2093663424476228_1511086678.jpg,1280,1280
24,여미야미 고당도 가정용 수박 꿀수박 당도보장 : 여미야미,http://shop1.phinf.naver.net/20240629_154/1719638022961AwcyP_JPEG/3253397939448125_827320597.jpg,https://search.pstatic.net/common/?type=b150&src=http://shop1.phinf.naver.net/20240629_154/1719638022961AwcyP_JPEG/3253397939448125_827320597.jpg,1000,1000
25,고령 우곡 그린 수박 5-6kg 7-8kg 유명산지 프리미엄 수박 : 센즈마켓,http://shop1.phinf.naver.net/20250430_82/1746012286741ju0Ro_JPEG/1221344590708030_1293593442.jpg,https://search.pstatic.net/common/?type=b150&src=http://shop1.phinf.naver.net/20250430_82/1746012286741ju0Ro_JPEG/1221344590708030_1293593442.jpg,1080,1440
26,TGL 트리플 수박 커팅기 : TGLC,https://shop-phinf.pstatic.net/20250424_37/1745476347714RgyGD_JPEG/26818365036194189_2116467149.jpeg,https://search.pstatic.net/common/?type=b150&src=https://shop-phinf.pstatic.net/20250424_37/1745476347714RgyGD_JPEG/26818365036194189_2116467149.jpeg,1200,1200
27,"39 페이지 | 수박 PSD, 개 이상의 고품질 무료 PSD 템플릿 다운로드 가능 | Freepik",https://img.freepik.com/premium-psd/watermelon-slice-with-seeds-white-background_1234317-9031.jpg,https://search.pstatic.net/sunny/?type=b150&src=https://img.freepik.com/premium-psd/watermelon-slice-with-seeds-white-background_1234317-9031.jpg,626,626
28,"못생겨도 맛좋은 국내산 못난이 수박 6kg, 1개 : 대박과수원",http://shop1.phinf.naver.net/20250514_140/1747211226990vXSNH_JPEG/1744993187103960_1148786120.jpg,https://search.pstatic.net/common/?type=b150&src=http://shop1.phinf.naver.net/20250514_140/1747211226990vXSNH_JPEG/1744993187103960_1148786120.jpg,1050,1050
29,씨없는 수박 고당도 꿀수박 8kg 10kg : 은서네식탁,http://shop1.phinf.naver.net/20230718_261/1689676401023FUEgB_JPEG/2920892814483124_1004796879.jpg,https://search.pstatic.net/common/?type=b150&src=http://shop1.phinf.naver.net/20230718_261/1689676401023FUEgB_JPEG/2920892814483124_1004796879.jpg,1080,1080
30,수박 한 개와 수박 두 개 PNG 일러스트 무료 다운로드 - Lovepik 수박 한 개와 수박 두 개,https://img.lovepik.com/free-png/20211206/lovepik-one-watermelon-and-two-cut-watermelons-png-image_401360124_wh1200.png,https://search.pstatic.net/sunny/?type=b150&src=https://img.lovepik.com/free-png/20211206/lovepik-one-watermelon-and-two-cut-watermelons-png-image_401360124_wh1200.png,1200,1200
31,11brix+ 스테비아농법 꿀당 수박 4kg 5kg 6kg : 팜 스프링,https://shop-phinf.pstatic.net/20240430_26/1714410962664gR18A_JPEG/43315189611128744_506378326.jpg,https://search.pstatic.net/common/?type=b150&src=https://shop-phinf.pstatic.net/20240430_26/1714410962664gR18A_JPEG/43315189611128744_506378326.jpg,1000,1000
32,접목애플수박 모종 1주 : 모종팡팡,http://shop1.phinf.naver.net/20250310_131/1741610626022fFJKJ_JPEG/6671948074875515_1591681615.jpg,https://search.pstatic.net/common/?type=b150&src=http://shop1.phinf.naver.net/20250310_131/1741610626022fFJKJ_JPEG/6671948074875515_1591681615.jpg,2988,5312
33,"수박 로열티 무료 사진, 그림, 이미지 그리고 스톡포토그래피. Image 15126049 수박",https://previews.123rf.com/images/likephotoman/likephotoman1209/likephotoman120900096/15126049-%EC%88%98%EB%B0%95.jpg,https://search.pstatic.net/sunny/?type=b150&src=https://previews.123rf.com/images/likephotoman/likephotoman1209/likephotoman120900096/15126049-%EC%88%98%EB%B0%95.jpg,866,1300
34,"수박 로열티 무료 사진, 그림, 이미지 그리고 스톡포토그래피. Image 49862284 수박",https://previews.123rf.com/images/zhoushihua/zhoushihua1512/zhoushihua151200418/49862284-%EC%88%98%EB%B0%95.jpg,https://search.pstatic.net/sunny/?type=b150&src=https://previews.123rf.com/images/zhoushihua/zhoushihua1512/zhoushihua151200418/49862284-%EC%88%98%EB%B0%95.jpg,864,1300
35,"수박ㆍ참외, 제철 맞아 가격 하락",http://imgnews.naver.net/image/001/2025/04/27/PYH2025042704570001300_P4_20250427123423324.jpg,https://search.pstatic.net/common/?type=b150&src=http://imgnews.naver.net/image/001/2025/04/27/PYH2025042704570001300_P4_20250427123423324.jpg,800,1200
36,"여름 수박과 아이스 큐브, 여름, 썸머, 여름의 PNG 일러스트 및 PSD 이미지 무료 다운로드 - Pngtree",https://png.pngtree.com/recommend-works/png-clipart/20250218/ourlarge/pngtree-summer-watermelon-and-ice-cubes-png-image_15500749.png,https://search.pstatic.net/sunny/?type=b150&src=https://png.pngtree.com/recommend-works/png-clipart/20250218/ourlarge/pngtree-summer-watermelon-and-ice-cubes-png-image_15500749.png,640,640
37,하우스 꿀수박 : 싱싱혀니몰,http://shop1.phinf.naver.net/20240531_211/17170906747999qSU3_JPEG/118226563495290794_757184671.jpg,https://search.pstatic.net/common/?type=b150&src=http://shop1.phinf.naver.net/20240531_211/17170906747999qSU3_JPEG/118226563495290794_757184671.jpg,1050,1400
38,고당도 설탕 수박 5~6kg : 과일 도령,http://shop1.phinf.naver.net/20250508_71/17466799054923VmV3_JPEG/14764933552414578_137937278.jpg,https://search.pstatic.net/common/?type=b150&src=http://shop1.phinf.naver.net/20250508_71/17466799054923VmV3_JPEG/14764933552414578_137937278.jpg,3024,3024
39,"수박 로열티 무료 사진, 그림, 이미지 그리고 스톡포토그래피. Image 15906554 수박",https://previews.123rf.com/images/photodee/photodee1210/photodee121000556/15906554-%EC%88%98%EB%B0%95.jpg,https://search.pstatic.net/sunny/?type=b150&src=https://previews.123rf.com/images/photodee/photodee1210/photodee121000556/15906554-%EC%88%98%EB%B0%95.jpg,1300,866
40,무등산수박 못난이 씨없는 수박 농장 : 마구다마,http://shop1.phinf.naver.net/20240803_98/1722675809480arV2h_JPEG/3253364148348937_184443197.jpg,https://search.pstatic.net/common/?type=b150&src=http://shop1.phinf.naver.net/20240803_98/1722675809480arV2h_JPEG/3253364148348937_184443197.jpg,800,800
41,"빨간 신선한 수박 두 조각, 두 조각, 빨간, 신선한 PNG 일러스트 및 이미지 에 대한 무료 다운로드 - Pngtree",https://png.pngtree.com/png-clipart/20201208/original/pngtree-two-pieces-of-red-fresh-watermelon-png-image_5536970.jpg,https://search.pstatic.net/sunny/?type=b150&src=https://png.pngtree.com/png-clipart/20201208/original/pngtree-two-pieces-of-red-fresh-watermelon-png-image_5536970.jpg,1200,1200
42,고령 우곡수박 고당도 하우스 우곡그린 꿀 수박 : 매일신선몰,http://shop1.phinf.naver.net/20250428_127/1745824690139GzaBd_PNG/17442827878216603_914743692.png,https://search.pstatic.net/common/?type=b150&src=http://shop1.phinf.naver.net/20250428_127/1745824690139GzaBd_PNG/17442827878216603_914743692.png,1024,1024
43,함안 수박 - 메가마트몰 [메가마트몰] 함안 수박,https://static.megamart.com/product/image/1059/10595299/10595299_6_960.jpg,https://search.pstatic.net/sunny/?type=b150&src=https://static.megamart.com/product/image/1059/10595299/10595299_6_960.jpg,960,960
44,하우스 수박 함안수박 씨없는 흑수박 애플수박 3kg 4kg 5kg : 싱싱하DAY,http://shop1.phinf.naver.net/20250424_199/1745472043914RNJCr_PNG/43039295486785364_384900583.png,https://search.pstatic.net/common/?type=b150&src=http://shop1.phinf.naver.net/20250424_199/1745472043914RNJCr_PNG/43039295486785364_384900583.png,1000,1000
45,32 페이지 | 수박 재배 벡터 - Freepik에서 무료 고품질 벡터를 다운로드하세요 | Freepik,https://img.freepik.com/premium-vector/watermelon-icon-depicting-sliced-slices-ripe-watermelon-flat-style_64264-4767.jpg,https://search.pstatic.net/sunny/?type=b150&src=https://img.freepik.com/premium-vector/watermelon-icon-depicting-sliced-slices-ripe-watermelon-flat-style_64264-4767.jpg,626,626
46,수박 과일 아이콘. 플랫 벡터 일러스트레이션 스톡 벡터(로열티 프리) 2226694153 | Shutterstock,https://www.shutterstock.com/image-vector/watermelon-fruit-icon-flat-vector-260nw-2226694153.jpg,https://search.pstatic.net/sunny/?type=b150&src=https://www.shutterstock.com/image-vector/watermelon-fruit-icon-flat-vector-260nw-2226694153.jpg,280,260
47,아주머니들 또 수박 악기바리.. - QT SHOW 아이즈원 마이너 갤러리,https://dcimg1.dcinside.com/viewimage.php?no=24b0d769e1d32ca73ced86fa11d02831e41c69f3746fbcbfa1c0f37f996e5c3c82eeedb48eb96a84b6283b507177ea5637c5a61f983c6816b2f6680ea18841627ad921d771ce2f712b499570e219a1b2c3,https://search.pstatic.net/sunny/?type=b150&src=https://dcimg1.dcinside.com/viewimage.php?no=24b0d769e1d32ca73ced86fa11d02831e41c69f3746fbcbfa1c0f37f996e5c3c82eeedb48eb96a84b6283b507177ea5637c5a61f983c6816b2f6680ea18841627ad921d771ce2f712b499570e219a1b2c3,4128,3096
48,특등급 맛있는 수박 씨없는 흑수박 블랙펄 흑미 흑당 과일선물 여름 겨울 : 달빛여왕,http://shop1.phinf.naver.net/20240701_141/1719801816859uOO78_JPEG/44991090756807869_1584078174.jpg,https://search.pstatic.net/common/?type=b150&src=http://shop1.phinf.naver.net/20240701_141/1719801816859uOO78_JPEG/44991090756807869_1584078174.jpg,1000,1000
49,수박 4-7kg 해나미 무배 국내산 정품 가정용 하우스 달콤시원 : 해나미,http://shop1.phinf.naver.net/20250409_247/1744155548900LpgSb_JPEG/76972812791970466_1263220488.jpg,https://search.pstatic.net/common/?type=b150&src=http://shop1.phinf.naver.net/20250409_247/1744155548900LpgSb_JPEG/76972812791970466_1263220488.jpg,500,500
50,"수박 주스 붉은 색 음식, 수박 주스, 색깔, 음식 PNG 일러스트 및 이미지 에 대한 무료 다운로드 - Pngtree",https://png.pngtree.com/png-clipart/20210808/original/pngtree-watermelon-juice-red-color-food-png-image_6624293.jpg,https://search.pstatic.net/sunny/?type=b150&src=https://png.pngtree.com/png-clipart/20210808/original/pngtree-watermelon-juice-red-color-food-png-image_6624293.jpg,1200,1200
51,미니수박 애플수박 고당도 고창수박 1수 : 진담농부,http://shop1.phinf.naver.net/20190704_113/sjs23v_1562205957008CpE8w_JPEG/44924815851605271_1814782839.jpg,https://search.pstatic.net/common/?type=b150&src=http://shop1.phinf.naver.net/20190704_113/sjs23v_1562205957008CpE8w_JPEG/44924815851605271_1814782839.jpg,640,640
52,고당도 하우스 수박 꿀 흑수박 임산부 선물용 가정용 : 조에팜,http://shop1.phinf.naver.net/20220601_152/1654037666230mxC2r_JPEG/55173564690860418_1742171807.jpg,https://search.pstatic.net/common/?type=b150&src=http://shop1.phinf.naver.net/20220601_152/1654037666230mxC2r_JPEG/55173564690860418_1742171807.jpg,828,828
53,"시민참여 > 시정홍보 > 행복한뉴스 > 오늘의뉴스 | 봄날 달콤한 유혹…익산 수박, 축제로 먼저 만난다 글보기",https://www.iksan.go.kr/upload_data/board_data/BBS_0000285/174528696736792.jpg,https://search.pstatic.net/sunny/?type=b150&src=https://www.iksan.go.kr/upload_data/board_data/BBS_0000285/174528696736792.jpg,1385,980
54,논산 꿀단지 수박 고당도 정품 : 산해직송,http://shop1.phinf.naver.net/20240605_226/17175674353067LwLi_PNG/118703331015646810_1926941998.png,https://search.pstatic.net/common/?type=b150&src=http://shop1.phinf.naver.net/20240605_226/17175674353067LwLi_PNG/118703331015646810_1926941998.png,1000,1000
55,수박 PNG 일러스트 무료 다운로드 - Lovepik 수박,https://img.lovepik.com/free-png/20211105/lovepik-hand-drawn-delicious-watermelon-png-image_400312118_wh1200.png,https://search.pstatic.net/sunny/?type=b150&src=https://img.lovepik.com/free-png/20211105/lovepik-hand-drawn-delicious-watermelon-png-image_400312118_wh1200.png,1329,1002
56,"수박 로열티 무료 사진, 그림, 이미지 그리고 스톡포토그래피. Image 40167594 수박",https://previews.123rf.com/images/margouillat/margouillat1505/margouillat150500650/40167594-%EC%88%98%EB%B0%95.jpg,https://search.pstatic.net/sunny/?type=b150&src=https://previews.123rf.com/images/margouillat/margouillat1505/margouillat150500650/40167594-%EC%88%98%EB%B0%95.jpg,1300,866
57,수박 과일 접시 사진 무료 다운로드 - Lovepik 수박 과일 접시,https://img.lovepik.com/photo/20211124/medium/lovepik-watermelon-fruit-plate-picture_500954838.jpg,https://search.pstatic.net/sunny/?type=b150&src=https://img.lovepik.com/photo/20211124/medium/lovepik-watermelon-fruit-plate-picture_500954838.jpg,573,860
58,[수미과] 당도선별 제철 수박 : 수미과,http://shop1.phinf.naver.net/20250329_129/17432100241863U8xW_JPEG/6198255280059937_1198268900.jpg,https://search.pstatic.net/common/?type=b150&src=http://shop1.phinf.naver.net/20250329_129/17432100241863U8xW_JPEG/6198255280059937_1198268900.jpg,4359,4359
59,탑마루 고당도 하우스 수박 꿀수박 4 5 6 7kg : 탑마루,http://shop1.phinf.naver.net/20250515_90/1747295628801tv5yS_JPEG/6736343149522171_1038962462.jpg,https://search.pstatic.net/common/?type=b150&src=http://shop1.phinf.naver.net/20250515_90/1747295628801tv5yS_JPEG/6736343149522171_1038962462.jpg,1000,1000
60,34 페이지 | 수박 재배 벡터 - Freepik에서 무료 고품질 벡터를 다운로드하세요 | Freepik,https://img.freepik.com/premium-vector/watermelon-fruit-clipart_1194583-252.jpg,https://search.pstatic.net/sunny/?type=b150&src=https://img.freepik.com/premium-vector/watermelon-fruit-clipart_1194583-252.jpg,626,626
61,[임금님수라상] 전북 고창 하우스 꿀 수박 : 임금님 수라상,http://shop1.phinf.naver.net/20200702_265/1593669269229TjGyY_JPEG/31030007834836830_1447250195.jpg,https://search.pstatic.net/common/?type=b150&src=http://shop1.phinf.naver.net/20200702_265/1593669269229TjGyY_JPEG/31030007834836830_1447250195.jpg,494,853
62,못난이 수박 : 바이더윰,http://shop1.phinf.naver.net/20250514_134/1747228199692nN2QH_JPEG/91788088417300536_515252626.jpg,https://search.pstatic.net/common/?type=b150&src=http://shop1.phinf.naver.net/20250514_134/1747228199692nN2QH_JPEG/91788088417300536_515252626.jpg,1440,1080
63,고당도 수박 씨없는수박 흑수박 흑미 함안 스테비아 애플 하우스 : 지금수확,http://shop1.phinf.naver.net/20250505_205/1746374944791vGDWg_PNG/1584002646537664_876073728.png,https://search.pstatic.net/common/?type=b150&src=http://shop1.phinf.naver.net/20250505_205/1746374944791vGDWg_PNG/1584002646537664_876073728.png,1000,1000
64,애플 블랙망고수박 흑수박 함안수박 꿀수박 : 홍씨네 농원,http://shop1.phinf.naver.net/20250506_238/1746529238213DhU1z_PNG/80662179240947182_1249704646.png,https://search.pstatic.net/common/?type=b150&src=http://shop1.phinf.naver.net/20250506_238/1746529238213DhU1z_PNG/80662179240947182_1249704646.png,1000,1000
65,"[당도선별] 함안 꿀 하우스 수박 고당도 봄수박 6kg, 1개 : 캠핑 운동화",http://shop1.phinf.naver.net/20250215_7/1739598255704dgxCs_JPEG/30784435475735440_687482896.jpg,https://search.pstatic.net/common/?type=b150&src=http://shop1.phinf.naver.net/20250215_7/1739598255704dgxCs_JPEG/30784435475735440_687482896.jpg,1000,1000
66,수박 조각 | 프리미엄 PSD 파일,https://img.freepik.com/premium-psd/watermelon-slices_1014454-543.jpg,https://search.pstatic.net/sunny/?type=b150&src=https://img.freepik.com/premium-psd/watermelon-slices_1014454-543.jpg,626,626
67,"수박ㆍ참외, 제철 맞아 가격 하락",http://imgnews.naver.net/image/001/2025/04/27/PYH2025042704540001300_P4_20250427123416155.jpg,https://search.pstatic.net/common/?type=b150&src=http://imgnews.naver.net/image/001/2025/04/27/PYH2025042704540001300_P4_20250427123416155.jpg,1200,800
68,사랑 수박 사진 무료 다운로드 - Lovepik 사랑 수박,https://img.lovepik.com/photo/20211118/medium/lovepik-love-watermelon-picture_500083972.jpg,https://search.pstatic.net/sunny/?type=b150&src=https://img.lovepik.com/photo/20211118/medium/lovepik-love-watermelon-picture_500083972.jpg,571,860
69,"수박 로열티 무료 사진, 그림, 이미지 그리고 스톡포토그래피. Image 43248267 수박",https://previews.123rf.com/images/sinee_na/sinee_na1507/sinee_na150700004/43248267-%EC%88%98%EB%B0%95.jpg,https://search.pstatic.net/sunny/?type=b150&src=https://previews.123rf.com/images/sinee_na/sinee_na1507/sinee_na150700004/43248267-%EC%88%98%EB%B0%95.jpg,975,1300
70,"얇게 썬 수박 일러스트, 얇게 썬 수박, 손으로 그린 수박, 빨간 손으로 그린 수박 PNG 일러스트 및 PSD 이미지 무료 다운로드 - Pngtree 얇게... ",https://png.pngtree.com/png-clipart/20190905/original/pngtree-red-sliced-%E2%80%8B%E2%80%8Bwatermelon-png-image_4519255.jpg,https://search.pstatic.net/sunny/?type=b150&src=https://png.pngtree.com/png-clipart/20190905/original/pngtree-red-sliced-%E2%80%8B%E2%80%8Bwatermelon-png-image_4519255.jpg,1079,1200
71,달콤한 고당도 꿀수박 하우스 수박 함안 대산 고창 진안 산지직송 : 다정한 미소,http://shop1.phinf.naver.net/20240522_205/1716344615574VYk4y_JPEG/117480504283386262_1721687804.jpg,https://search.pstatic.net/common/?type=b150&src=http://shop1.phinf.naver.net/20240522_205/1716344615574VYk4y_JPEG/117480504283386262_1721687804.jpg,344,344
72,수박 > 음식 | 이미지 사용조건이 까다롭지 않은 요리사진 100만컷,https://www.sk5.co.kr/neo/ns600/100/10002781.jpg,https://search.pstatic.net/sunny/?type=b150&src=https://www.sk5.co.kr/neo/ns600/100/10002781.jpg,600,565
73,리얼 과일모양 쿠션 재미있는 낮잠 쿠션 과일가게 인테리어소품 수박 그림과 같이,http://shopping.phinf.naver.net/main_5126459/51264592711.20241106235656.jpg,https://search.pstatic.net/common/?type=b150&src=http://shopping.phinf.naver.net/main_5126459/51264592711.20241106235656.jpg,800,800
74,"고당도 하우스 수박 산지직송 청주 오송 수박 7kg, 1개 : 달달수박",http://shop1.phinf.naver.net/20250507_251/1746620541521sf71N_JPEG/710970478197985_1951211141.JPG,https://search.pstatic.net/common/?type=b150&src=http://shop1.phinf.naver.net/20250507_251/1746620541521sf71N_JPEG/710970478197985_1951211141.JPG,3456,5184
75,"굿뜨래 / 실중량 / 농협선별 부여 수박 6kg, 1개 : 굿뜨래장터",http://shop1.phinf.naver.net/20220613_194/1655088961871rN0Kk_JPEG/56224796694466182_343368994.jpg,https://search.pstatic.net/common/?type=b150&src=http://shop1.phinf.naver.net/20220613_194/1655088961871rN0Kk_JPEG/56224796694466182_343368994.jpg,1000,1000
76,"최적의 산지만, 프리미엄 우곡 수박 6-7kg(12Brix/특품) | 올리브영 최적의 산지만, 프리미엄 우곡 수박 6-7kg(12Brix/특품)",https://image.oliveyoung.co.kr/cfimages/cf-goods/uploads/images/thumbnails/550/10/0000/0022/B00000022634901ko.jpg?l=ko,https://search.pstatic.net/sunny/?type=b150&src=https://image.oliveyoung.co.kr/cfimages/cf-goods/uploads/images/thumbnails/550/10/0000/0022/B00000022634901ko.jpg?l=ko,550,550
77,"파리바게뜨, 여름 시즌음료 '수박주스' 선봬",http://imgnews.naver.net/image/5820/2025/05/15/0000117774_001_20250515181648756.png,https://search.pstatic.net/common/?type=b150&src=http://imgnews.naver.net/image/5820/2025/05/15/0000117774_001_20250515181648756.png,710,550
78,씨제로 씨없는 흑수박 씨있는 수박 고당도 비파괴 당도측정 : 더노랑,http://shop1.phinf.naver.net/20220628_165/1656391013322km1nq_JPEG/57526848132793888_1802419708.jpg,https://search.pstatic.net/common/?type=b150&src=http://shop1.phinf.naver.net/20220628_165/1656391013322km1nq_JPEG/57526848132793888_1802419708.jpg,1000,1000
79,농부삼촌 수박 하우스 고당도 꿀수박 : 계절입맛,http://shop1.phinf.naver.net/20250507_29/1746615513049uoiiH_JPEG/2427407143531027_462245114.jpg,https://search.pstatic.net/common/?type=b150&src=http://shop1.phinf.naver.net/20250507_29/1746615513049uoiiH_JPEG/2427407143531027_462245114.jpg,3024,4032
80,"52 페이지 | 수박 PSD, 개 이상의 고품질 무료 PSD 템플릿 다운로드 가능 | Freepik",https://img.freepik.com/premium-psd/watermelon-slices-isolated-transparent-background_976994-178.jpg,https://search.pstatic.net/sunny/?type=b150&src=https://img.freepik.com/premium-psd/watermelon-slices-isolated-transparent-background_976994-178.jpg,505,626
81,경상도 하우스 당도폭발 꿀 수박 4kg 내외 : 한경,http://shop1.phinf.naver.net/20231212_174/1702370321609o1U15_JPEG/103506164271498485_364127984.jpg,https://search.pstatic.net/common/?type=b150&src=http://shop1.phinf.naver.net/20231212_174/1702370321609o1U15_JPEG/103506164271498485_364127984.jpg,1000,1000
82,고당도 하우스 맛있는 꿀 수박 4kg - 9kg : 사자산마을,http://shop1.phinf.naver.net/20250427_108/1745756898214uwkxT_PNG/79889675736741393_622020774.png,https://search.pstatic.net/common/?type=b150&src=http://shop1.phinf.naver.net/20250427_108/1745756898214uwkxT_PNG/79889675736741393_622020774.png,745,771
83,"꼬마 애플수박 수박 신선마켓 1.5kg, 1개 : 에이치엔비유통",http://shop1.phinf.naver.net/20250514_234/1747200261528sXG4n_JPEG/10746196287155294_1103060825.jpg,https://search.pstatic.net/common/?type=b150&src=http://shop1.phinf.naver.net/20250514_234/1747200261528sXG4n_JPEG/10746196287155294_1103060825.jpg,3024,4032
84,[kshop] 압도적으로 맛있는 국내산 제철 수박 4~5kg null | 홈쇼핑모아 [kshop] 압도적으로 맛있는 국내산 제철 수박 4~5kg null,https://hsmoa.com/_next/image?url=https%3A%2F%2Fthum.buzzni.com%2Funsafe%2F480x0%2Fhttp%3A%2F%2Fimg.w-shopping.co.kr%2Fgoods2022%2F362%2F28%2F20428362_p.jpg&w=640&q=75,https://search.pstatic.net/sunny/?type=b150&src=https://hsmoa.com/_next/image?url=https%3A%2F%2Fthum.buzzni.com%2Funsafe%2F480x0%2Fhttp%3A%2F%2Fimg.w-shopping.co.kr%2Fgoods2022%2F362%2F28%2F20428362_p.jpg&w=640&q=75,480,480
85,(12brix)프리미엄 더채움과일 고당도 꿀 고창 우곡 씨없는 수박 흑수박 5~10kg : TheChaeumFruit,http://shop1.phinf.naver.net/20240723_16/1721714064172fX7iG_PNG/1297825971857638_496260230.png,https://search.pstatic.net/common/?type=b150&src=http://shop1.phinf.naver.net/20240723_16/1721714064172fX7iG_PNG/1297825971857638_496260230.png,1333,1042
86,반값 수박 고르는 시민들,http://imgnews.naver.net/image/001/2025/05/01/PYH2025050105270001300_P4_20250501110315294.jpg,https://search.pstatic.net/common/?type=b150&src=http://imgnews.naver.net/image/001/2025/05/01/PYH2025050105270001300_P4_20250501110315294.jpg,800,1200
87,"생거진천 미니수박단지, 최고품질 농산물 생산단지 '대상' 수상",http://imgnews.naver.net/image/5291/2024/10/30/0002130422_001_20241030090410335.jpg,https://search.pstatic.net/common/?type=b150&src=http://imgnews.naver.net/image/5291/2024/10/30/0002130422_001_20241030090410335.jpg,280,600
88,고당도 꿀수박 씨없는 흑수박 우곡 함안 고창 : 작목반장,http://shop1.phinf.naver.net/20240516_227/17158422581667xWqt_JPEG/116978100872423259_1166001635.jpg,https://search.pstatic.net/common/?type=b150&src=http://shop1.phinf.naver.net/20240516_227/17158422581667xWqt_JPEG/116978100872423259_1166001635.jpg,1000,1000
89,명품 고당도 꿀 수박 흑수박 애플수박 우곡수박 : 열정농부,http://shop1.phinf.naver.net/20240430_125/1714451097221tG2H1_JPEG/115586995902482334_1566989992.jpg,https://search.pstatic.net/common/?type=b150&src=http://shop1.phinf.naver.net/20240430_125/1714451097221tG2H1_JPEG/115586995902482334_1566989992.jpg,1000,1000
90,수박 고르는 시민,http://imgnews.naver.net/image/001/2025/04/21/PYH2025042111670001300_P4_20250421141426782.jpg,https://search.pstatic.net/common/?type=b150&src=http://imgnews.naver.net/image/001/2025/04/21/PYH2025042111670001300_P4_20250421141426782.jpg,1200,799
91,[산지직배송] 10KG 자이언트 수박 초 고당도 8KG/10KG : 산지직배송,http://shop1.phinf.naver.net/20250423_107/1745381782864zQBTP_JPEG/79514621858410148_526172278.jpg,https://search.pstatic.net/common/?type=b150&src=http://shop1.phinf.naver.net/20250423_107/1745381782864zQBTP_JPEG/79514621858410148_526172278.jpg,4032,3024
92,고당도 꿀 수박 5kg 6kg 7kg 8kg  가락시장 경매 직송 : 새벽청과,http://shop1.phinf.naver.net/20240428_102/1714289692265ncGWX_JPEG/115425587998935704_876194331.jpg,https://search.pstatic.net/common/?type=b150&src=http://shop1.phinf.naver.net/20240428_102/1714289692265ncGWX_JPEG/115425587998935704_876194331.jpg,1080,1080
93,dokidoki 수박 과일 쿠션 구체 안는 베개 봉제 인형 재미있는,http://shopping.phinf.naver.net/main_5261596/52615967351.20250122205711.jpg,https://search.pstatic.net/common/?type=b150&src=http://shopping.phinf.naver.net/main_5261596/52615967351.20250122205711.jpg,350,350
94,명품산지 함안 산지직송 당도선별 하우스수박 4kg 5kg 6kg : 해들밥상,http://shop1.phinf.naver.net/20250225_7/1740450364599lVGwO_JPEG/90439883576615476_852143280.jpg,https://search.pstatic.net/common/?type=b150&src=http://shop1.phinf.naver.net/20250225_7/1740450364599lVGwO_JPEG/90439883576615476_852143280.jpg,904,1296
95,애플수박 미니수박 2-3수 : 팜투마이테이블,http://shop1.phinf.naver.net/20240524_210/17165326807052Hx48_JPEG/117668576430697896_260958430.jpg,https://search.pstatic.net/common/?type=b150&src=http://shop1.phinf.naver.net/20240524_210/17165326807052Hx48_JPEG/117668576430697896_260958430.jpg,1000,1000
96,당도선별 수박 하우스 꿀수박 고당도 : 싱싱몰 야채청과,https://shop-phinf.pstatic.net/20250430_5/17460043399403YXK5_JPEG/650034923782468_726790389.jpg,https://search.pstatic.net/common/?type=b150&src=https://shop-phinf.pstatic.net/20250430_5/17460043399403YXK5_JPEG/650034923782468_726790389.jpg,1000,1000
97,수박 수채화,https://i.pinimg.com/736x/47/26/3f/47263f9a81e6c0920530b0c1ca1320e3.jpg,https://search.pstatic.net/sunny/?type=b150&src=https://i.pinimg.com/736x/47/26/3f/47263f9a81e6c0920530b0c1ca1320e3.jpg,552,736
98,수박 우곡 함안 고창 유명산지 고당도 하우스 수박 : 국대과일촌,http://shop1.phinf.naver.net/20240604_220/1717506520749Rtrua_JPEG/44809204618593581_747075809.jpg,https://search.pstatic.net/common/?type=b150&src=http://shop1.phinf.naver.net/20240604_220/1717506520749Rtrua_JPEG/44809204618593581_747075809.jpg,1000,1000
99,무등산수박 씨없는수박 우곡 함안수박 고창 꿀 맹동 흑 : 웅대박샵,http://shop1.phinf.naver.net/20250425_5/1745586158575gVUJJ_JPEG/43153410203412217_499158539.jpg,https://search.pstatic.net/common/?type=b150&src=http://shop1.phinf.naver.net/20250425_5/1745586158575gVUJJ_JPEG/43153410203412217_499158539.jpg,800,800
100,흑수박 씨없는 수박 함안 애플수박 고당도 꿀 무등산 스테비아 : 초코미샵,http://shop1.phinf.naver.net/20250426_149/1745598249107qBUYN_PNG/191616981809352_1743427957.png,https://search.pstatic.net/common/?type=b150&src=http://shop1.phinf.naver.net/20250426_149/1745598249107qBUYN_PNG/191616981809352_1743427957.png,1000,1000
